Student_ID,Attendance_Pct,Study_Hours_Per_Day,Previous_CGPA,Sleep_Hours,Social_Hours_Week,Final_CGPA,Grade_Diff,Grade_Group
ID00009,100.0,4.3,4.0,5.0,12,4.0,0.0,1_상위권 유지(Top 15%)
ID00011,60.0,2.2,4.0,6.8,14,4.0,0.0,1_상위권 유지(Top 15%)
ID00042,79.2,11.9,1.87,8.0,9,2.38,0.5099999999999998,2_성적 0.5이상 상승
ID00045,90.1,3.9,3.69,6.2,4,3.97,0.28000000000000025,1_상위권 유지(Top 15%)
ID00048,81.0,4.5,3.7,9.1,5,3.9,0.19999999999999973,1_상위권 유지(Top 15%)
ID00057,69.1,14.0,2.89,8.0,7,3.56,0.6699999999999999,2_성적 0.5이상 상승
ID00067,93.5,7.0,3.11,7.4,13,3.61,0.5,2_성적 0.5이상 상승
ID00074,91.5,4.6,3.64,7.5,4,3.92,0.2799999999999998,1_상위권 유지(Top 15%)
ID00087,69.9,13.7,3.29,9.7,10,3.83,0.54,2_성적 0.5이상 상승
ID00090,87.7,10.7,3.02,7.6,9,3.88,0.8599999999999999,2_성적 0.5이상 상승
ID00093,94.4,6.7,3.32,7.8,6,3.83,0.5100000000000002,2_성적 0.5이상 상승
ID00097,92.1,1.0,3.89,5.1,8,4.0,0.10999999999999988,1_상위권 유지(Top 15%)
ID00098,82.7,9.4,2.47,7.5,10,3.14,0.6699999999999999,2_성적 0.5이상 상승
ID00102,90.2,5.4,3.72,8.9,8,3.99,0.27,1_상위권 유지(Top 15%)
ID00116,79.6,6.8,3.93,8.8,8,3.88,-0.050000000000000266,1_상위권 유지(Top 15%)
ID00117,99.3,11.9,2.68,6.6,12,3.59,0.9099999999999997,2_성적 0.5이상 상승
ID00125,79.6,12.5,3.79,8.5,11,4.0,0.20999999999999996,1_상위권 유지(Top 15%)
ID00128,100.0,5.9,2.44,7.8,6,3.06,0.6200000000000001,2_성적 0.5이상 상승
ID00133,97.3,4.0,4.0,7.1,9,4.0,0.0,1_상위권 유지(Top 15%)
ID00138,81.7,4.6,3.96,7.9,6,4.0,0.040000000000000036,1_상위권 유지(Top 15%)
ID00139,80.4,0.7,3.8,7.6,9,3.89,0.0900000000000003,1_상위권 유지(Top 15%)
ID00143,81.6,5.3,2.95,6.9,5,3.55,0.5999999999999996,2_성적 0.5이상 상승
ID00156,100.0,8.3,3.06,6.1,6,3.66,0.6000000000000001,2_성적 0.5이상 상승
ID00165,82.0,13.2,2.22,8.3,8,2.8,0.5799999999999996,2_성적 0.5이상 상승
ID00167,89.6,4.5,3.92,6.4,5,4.0,0.08000000000000007,1_상위권 유지(Top 15%)
ID00168,100.0,7.6,3.22,6.4,4,3.95,0.73,2_성적 0.5이상 상승
ID00184,95.4,3.6,3.85,5.2,10,3.98,0.1299999999999999,1_상위권 유지(Top 15%)
ID00191,92.3,7.4,3.46,5.4,12,3.96,0.5,2_성적 0.5이상 상승
ID00195,85.5,4.5,3.84,7.1,5,4.0,0.16000000000000014,1_상위권 유지(Top 15%)
ID00200,89.4,7.6,2.98,7.0,11,3.69,0.71,2_성적 0.5이상 상승
ID00205,100.0,8.6,3.72,6.9,10,4.0,0.2799999999999998,1_상위권 유지(Top 15%)
ID00206,84.1,6.7,3.88,6.6,3,4.0,0.1200000000000001,1_상위권 유지(Top 15%)
ID00208,98.5,10.2,2.64,4.4,5,3.36,0.7199999999999998,2_성적 0.5이상 상승
ID00214,74.6,7.0,4.0,8.5,7,4.0,0.0,1_상위권 유지(Top 15%)
ID00223,91.8,6.5,2.4,6.8,4,2.92,0.52,2_성적 0.5이상 상승
ID00226,93.6,7.0,1.97,7.4,9,2.64,0.6700000000000002,2_성적 0.5이상 상승
ID00228,95.9,5.2,2.07,6.8,9,2.65,0.5800000000000001,2_성적 0.5이상 상승
ID00233,100.0,2.3,4.0,7.9,3,4.0,0.0,1_상위권 유지(Top 15%)
ID00246,100.0,2.3,3.73,6.4,9,4.0,0.27,1_상위권 유지(Top 15%)
ID00252,100.0,8.8,3.79,6.6,8,4.0,0.20999999999999996,1_상위권 유지(Top 15%)
ID00265,96.4,4.9,3.94,7.9,8,4.0,0.06000000000000005,1_상위권 유지(Top 15%)
ID00270,93.1,7.7,2.48,7.7,5,3.02,0.54,2_성적 0.5이상 상승
ID00273,85.2,2.5,3.73,7.0,12,3.9,0.16999999999999993,1_상위권 유지(Top 15%)
ID00279,52.1,4.1,3.23,5.7,11,2.72,-0.5099999999999998,3_성적 0.5이하 하락
ID00287,93.6,8.7,3.43,7.3,8,4.0,0.5699999999999998,2_성적 0.5이상 상승
ID00289,100.0,9.4,3.72,4.5,4,4.0,0.2799999999999998,1_상위권 유지(Top 15%)
ID00292,89.1,10.9,4.0,5.4,4,4.0,0.0,1_상위권 유지(Top 15%)
ID00295,82.1,8.7,3.47,6.8,7,4.0,0.5299999999999998,2_성적 0.5이상 상승
ID00308,91.3,7.5,2.73,6.9,9,3.37,0.6400000000000001,2_성적 0.5이상 상승
ID00309,94.9,2.2,3.8,7.7,8,4.0,0.20000000000000018,1_상위권 유지(Top 15%)
ID00310,88.5,2.9,4.0,6.8,10,4.0,0.0,1_상위권 유지(Top 15%)
ID00312,93.6,7.5,2.24,6.9,7,2.94,0.6999999999999997,2_성적 0.5이상 상승
ID00313,80.6,6.9,3.16,8.5,7,3.75,0.5899999999999999,2_성적 0.5이상 상승
ID00315,89.7,3.4,4.0,7.1,14,4.0,0.0,1_상위권 유지(Top 15%)
ID00316,93.6,3.2,3.93,7.4,7,4.0,0.06999999999999984,1_상위권 유지(Top 15%)
ID00318,100.0,11.2,2.81,5.4,8,3.62,0.81,2_성적 0.5이상 상승
ID00333,100.0,3.6,4.0,9.3,6,4.0,0.0,1_상위권 유지(Top 15%)
ID00337,69.6,5.2,4.0,6.1,6,4.0,0.0,1_상위권 유지(Top 15%)
ID00342,90.0,4.1,3.92,8.4,14,4.0,0.08000000000000007,1_상위권 유지(Top 15%)
ID00344,84.0,3.2,3.81,9.2,6,4.0,0.18999999999999995,1_상위권 유지(Top 15%)
ID00345,59.4,2.2,2.75,9.6,4,2.18,-0.5699999999999998,3_성적 0.5이하 하락
ID00352,90.2,9.0,2.6,5.9,10,3.19,0.5899999999999999,2_성적 0.5이상 상승
ID00355,100.0,6.4,3.77,6.7,13,4.0,0.22999999999999998,1_상위권 유지(Top 15%)
ID00363,68.2,4.4,4.0,9.3,6,3.91,-0.08999999999999986,1_상위권 유지(Top 15%)
ID00364,59.4,2.7,3.35,9.0,9,2.81,-0.54,3_성적 0.5이하 하락
ID00368,98.3,5.1,4.0,5.3,10,4.0,0.0,1_상위권 유지(Top 15%)
ID00372,93.0,7.7,3.49,9.3,2,3.99,0.5,2_성적 0.5이상 상승
ID00381,99.1,4.9,3.94,8.6,10,4.0,0.06000000000000005,1_상위권 유지(Top 15%)
ID00387,58.5,2.3,3.86,4.5,6,3.25,-0.6099999999999999,3_성적 0.5이하 하락
ID00393,100.0,8.2,4.0,7.6,10,4.0,0.0,1_상위권 유지(Top 15%)
ID00405,90.8,4.6,3.78,5.6,12,4.0,0.2200000000000002,1_상위권 유지(Top 15%)
ID00407,100.0,7.6,2.71,7.8,8,3.29,0.5800000000000001,2_성적 0.5이상 상승
ID00410,100.0,2.6,4.0,4.0,4,4.0,0.0,1_상위권 유지(Top 15%)
ID00420,100.0,4.3,2.93,6.6,11,3.48,0.5499999999999998,2_성적 0.5이상 상승
ID00423,71.0,8.1,3.75,4.8,8,4.0,0.25,1_상위권 유지(Top 15%)
ID00426,56.1,2.3,3.58,8.1,11,3.07,-0.5100000000000002,3_성적 0.5이하 하락
ID00431,70.0,5.6,4.0,7.1,7,4.0,0.0,1_상위권 유지(Top 15%)
ID00434,57.0,2.7,2.91,8.1,6,2.36,-0.5500000000000003,3_성적 0.5이하 하락
ID00439,100.0,13.3,2.65,6.2,8,3.46,0.81,2_성적 0.5이상 상승
ID00448,98.4,6.3,3.31,7.2,9,3.95,0.6400000000000001,2_성적 0.5이상 상승
ID00453,100.0,3.1,3.99,6.3,10,4.0,0.009999999999999787,1_상위권 유지(Top 15%)
ID00457,86.9,2.4,3.88,7.3,12,3.98,0.10000000000000009,1_상위권 유지(Top 15%)
ID00458,69.1,5.6,4.0,6.8,11,4.0,0.0,1_상위권 유지(Top 15%)
ID00459,91.3,7.7,3.82,8.2,9,4.0,0.18000000000000016,1_상위권 유지(Top 15%)
ID00463,99.9,4.7,3.28,7.3,3,3.82,0.54,2_성적 0.5이상 상승
ID00472,83.7,8.4,3.72,7.7,11,4.0,0.2799999999999998,1_상위권 유지(Top 15%)
ID00473,83.1,3.5,3.77,4.7,4,4.0,0.22999999999999998,1_상위권 유지(Top 15%)
ID00492,98.1,7.6,3.09,9.9,7,3.6,0.5100000000000002,2_성적 0.5이상 상승
ID00493,92.6,3.7,3.89,5.1,7,4.0,0.10999999999999988,1_상위권 유지(Top 15%)
ID00494,82.2,7.0,2.47,6.2,7,3.11,0.6399999999999997,2_성적 0.5이상 상승
ID00500,86.2,10.2,3.34,7.2,6,4.0,0.6600000000000001,2_성적 0.5이상 상승
ID00501,100.0,5.2,3.85,5.0,9,3.97,0.1200000000000001,1_상위권 유지(Top 15%)
ID00523,100.0,5.4,4.0,9.1,7,4.0,0.0,1_상위권 유지(Top 15%)
ID00547,100.0,6.1,4.0,5.6,11,4.0,0.0,1_상위권 유지(Top 15%)
ID00549,83.2,5.2,2.78,7.7,10,3.33,0.5500000000000003,2_성적 0.5이상 상승
ID00550,100.0,4.3,3.31,6.2,7,3.84,0.5299999999999998,2_성적 0.5이상 상승
ID00552,84.5,4.0,3.67,6.6,9,3.91,0.2400000000000002,1_상위권 유지(Top 15%)
ID00554,95.5,3.5,4.0,5.4,9,4.0,0.0,1_상위권 유지(Top 15%)
ID00562,81.9,4.2,2.8,6.8,8,3.3,0.5,2_성적 0.5이상 상승
ID00564,100.0,7.0,2.91,4.9,7,3.49,0.5800000000000001,2_성적 0.5이상 상승
ID00566,78.6,8.0,3.78,6.2,6,4.0,0.2200000000000002,1_상위권 유지(Top 15%)
ID00570,71.4,1.0,4.0,8.0,9,3.98,-0.020000000000000018,1_상위권 유지(Top 15%)
ID00580,89.2,7.5,3.48,6.6,7,4.0,0.52,2_성적 0.5이상 상승
ID00582,86.7,2.3,3.79,6.7,8,3.98,0.18999999999999995,1_상위권 유지(Top 15%)
ID00585,70.3,7.1,3.7,7.3,13,4.0,0.2999999999999998,1_상위권 유지(Top 15%)
ID00589,97.9,3.9,3.97,6.8,9,4.0,0.029999999999999805,1_상위권 유지(Top 15%)
ID00595,86.7,10.9,3.33,5.9,6,4.0,0.6699999999999999,2_성적 0.5이상 상승
ID00608,96.1,5.7,3.29,6.3,11,3.82,0.5299999999999998,2_성적 0.5이상 상승
ID00610,91.2,4.2,3.96,6.1,5,4.0,0.040000000000000036,1_상위권 유지(Top 15%)
ID00614,74.0,8.1,3.92,6.4,7,4.0,0.08000000000000007,1_상위권 유지(Top 15%)
ID00619,90.7,3.3,3.7,5.5,9,4.0,0.2999999999999998,1_상위권 유지(Top 15%)
ID00621,83.6,14.0,3.11,8.0,8,3.82,0.71,2_성적 0.5이상 상승
ID00622,88.9,7.5,3.95,7.4,6,4.0,0.04999999999999982,1_상위권 유지(Top 15%)
ID00625,100.0,6.7,2.41,6.9,10,2.98,0.5699999999999998,2_성적 0.5이상 상승
ID00629,91.2,8.2,3.78,7.8,9,4.0,0.2200000000000002,1_상위권 유지(Top 15%)
ID00642,89.1,2.0,3.93,4.0,11,4.0,0.06999999999999984,1_상위권 유지(Top 15%)
ID00660,100.0,7.1,3.1,7.5,6,3.71,0.6099999999999999,2_성적 0.5이상 상승
ID00672,81.3,3.2,3.86,6.0,12,4.0,0.14000000000000012,1_상위권 유지(Top 15%)
ID00675,100.0,9.4,2.74,5.3,9,3.38,0.6399999999999997,2_성적 0.5이상 상승
ID00677,82.0,7.1,3.11,6.4,12,3.68,0.5700000000000003,2_성적 0.5이상 상승
ID00686,91.6,4.9,3.12,7.6,6,3.67,0.5499999999999998,2_성적 0.5이상 상승
ID00690,100.0,6.7,3.08,7.4,9,3.73,0.6499999999999999,2_성적 0.5이상 상승
ID00693,97.3,10.5,3.05,6.1,15,3.58,0.5300000000000002,2_성적 0.5이상 상승
ID00699,89.9,2.7,3.83,6.4,10,4.0,0.16999999999999993,1_상위권 유지(Top 15%)
ID00701,96.7,11.7,3.2,6.5,9,4.0,0.7999999999999998,2_성적 0.5이상 상승
ID00707,75.6,1.8,4.0,6.6,11,4.0,0.0,1_상위권 유지(Top 15%)
ID00711,93.3,8.1,2.95,6.7,7,3.56,0.6099999999999999,2_성적 0.5이상 상승
ID00712,81.6,1.1,3.71,8.7,9,3.88,0.16999999999999993,1_상위권 유지(Top 15%)
ID00721,93.6,6.1,2.43,7.5,4,3.0,0.5699999999999998,2_성적 0.5이상 상승
ID00722,100.0,3.2,3.73,8.7,4,3.94,0.20999999999999996,1_상위권 유지(Top 15%)
ID00723,92.1,6.6,2.86,6.1,6,3.38,0.52,2_성적 0.5이상 상승
ID00735,60.8,3.1,3.44,4.1,16,2.94,-0.5,3_성적 0.5이하 하락
ID00739,100.0,7.7,3.21,5.2,5,3.77,0.56,2_성적 0.5이상 상승
ID00745,91.1,9.7,3.25,7.6,5,4.0,0.75,2_성적 0.5이상 상승
ID00756,84.4,9.6,2.48,8.3,6,3.11,0.6299999999999999,2_성적 0.5이상 상승
ID00781,87.7,7.8,2.26,7.3,14,2.83,0.5700000000000003,2_성적 0.5이상 상승
ID00783,66.6,5.1,3.86,7.2,10,3.88,0.020000000000000018,1_상위권 유지(Top 15%)
ID00788,100.0,0.3,4.0,6.2,8,4.0,0.0,1_상위권 유지(Top 15%)
ID00789,100.0,4.4,3.93,8.9,6,4.0,0.06999999999999984,1_상위권 유지(Top 15%)
ID00792,74.6,6.0,3.7,7.1,8,3.87,0.16999999999999993,1_상위권 유지(Top 15%)
ID00803,81.7,4.2,4.0,4.7,9,4.0,0.0,1_상위권 유지(Top 15%)
ID00804,80.6,6.3,2.74,6.6,8,3.25,0.5099999999999998,2_성적 0.5이상 상승
ID00806,84.6,3.0,3.88,9.4,11,4.0,0.1200000000000001,1_상위권 유지(Top 15%)
ID00811,87.9,3.0,2.73,6.4,9,3.23,0.5,2_성적 0.5이상 상승
ID00813,91.3,14.0,3.14,10.0,13,3.78,0.6399999999999997,2_성적 0.5이상 상승
ID00824,100.0,9.0,3.18,8.6,9,3.78,0.5999999999999996,2_성적 0.5이상 상승
ID00827,71.1,3.1,3.76,7.0,4,3.92,0.16000000000000014,1_상위권 유지(Top 15%)
ID00836,100.0,6.9,3.13,7.5,9,3.76,0.6299999999999999,2_성적 0.5이상 상승
ID00844,99.9,7.6,2.61,5.2,11,3.18,0.5700000000000003,2_성적 0.5이상 상승
ID00846,62.1,5.9,3.87,7.5,13,3.9,0.029999999999999805,1_상위권 유지(Top 15%)
ID00850,80.5,1.3,3.84,6.1,7,4.0,0.16000000000000014,1_상위권 유지(Top 15%)
ID00865,100.0,7.8,2.82,5.3,5,3.35,0.5300000000000002,2_성적 0.5이상 상승
ID00877,93.9,9.6,2.72,6.1,7,3.41,0.69,2_성적 0.5이상 상승
ID00882,85.4,6.8,3.29,8.1,7,3.87,0.5800000000000001,2_성적 0.5이상 상승
ID00895,91.3,7.3,2.59,7.8,7,3.19,0.6000000000000001,2_성적 0.5이상 상승
ID00898,91.1,6.6,3.32,6.8,7,3.95,0.6300000000000003,2_성적 0.5이상 상승
ID00908,100.0,6.3,3.14,7.4,12,3.65,0.5099999999999998,2_성적 0.5이상 상승
ID00915,96.6,7.0,3.36,7.3,10,4.0,0.6400000000000001,2_성적 0.5이상 상승
ID00918,76.7,10.6,4.0,8.5,7,4.0,0.0,1_상위권 유지(Top 15%)
ID00924,80.5,7.3,3.77,5.8,9,4.0,0.22999999999999998,1_상위권 유지(Top 15%)
ID00931,63.6,3.9,4.0,4.0,5,3.97,-0.029999999999999805,1_상위권 유지(Top 15%)
ID00942,89.8,7.6,2.59,6.7,6,3.14,0.5500000000000003,2_성적 0.5이상 상승
ID00945,87.9,10.8,3.81,4.8,9,4.0,0.18999999999999995,1_상위권 유지(Top 15%)
ID00952,70.7,4.7,3.89,6.3,5,4.0,0.10999999999999988,1_상위권 유지(Top 15%)
ID00958,67.3,5.6,3.98,7.5,11,4.0,0.020000000000000018,1_상위권 유지(Top 15%)
ID00960,92.5,3.5,3.76,9.0,9,4.0,0.2400000000000002,1_상위권 유지(Top 15%)
ID00965,87.4,11.9,3.04,7.4,6,3.93,0.8900000000000001,2_성적 0.5이상 상승
ID00966,99.6,8.7,3.28,8.4,6,3.83,0.5500000000000003,2_성적 0.5이상 상승
ID00973,83.0,13.9,3.43,9.2,4,4.0,0.5699999999999998,2_성적 0.5이상 상승
ID00974,88.1,3.2,4.0,8.4,8,4.0,0.0,1_상위권 유지(Top 15%)
ID00978,100.0,5.6,4.0,5.0,4,4.0,0.0,1_상위권 유지(Top 15%)
ID00984,62.0,1.8,4.0,7.6,6,4.0,0.0,1_상위권 유지(Top 15%)
ID00985,59.7,2.8,2.61,5.8,10,2.0,-0.6099999999999999,3_성적 0.5이하 하락
ID01011,95.3,2.7,3.71,6.7,7,3.93,0.2200000000000002,1_상위권 유지(Top 15%)
ID01020,92.1,5.1,3.72,6.6,8,4.0,0.2799999999999998,1_상위권 유지(Top 15%)
ID01023,86.7,1.8,3.71,6.1,12,3.87,0.16000000000000014,1_상위권 유지(Top 15%)
ID01029,85.9,6.7,2.67,10.0,8,3.21,0.54,2_성적 0.5이상 상승
ID01035,100.0,8.4,3.32,9.3,10,3.91,0.5900000000000003,2_성적 0.5이상 상승
ID01045,82.9,6.8,3.21,7.5,6,3.83,0.6200000000000001,2_성적 0.5이상 상승
ID01047,88.8,2.8,4.0,8.7,8,4.0,0.0,1_상위권 유지(Top 15%)
ID01056,80.9,9.0,2.0,5.6,8,2.67,0.6699999999999999,2_성적 0.5이상 상승
ID01057,100.0,5.2,4.0,7.0,8,4.0,0.0,1_상위권 유지(Top 15%)
ID01069,88.3,5.5,2.68,7.1,10,3.18,0.5,2_성적 0.5이상 상승
ID01075,100.0,8.8,3.43,7.3,6,4.0,0.5699999999999998,2_성적 0.5이상 상승
ID01081,59.2,2.7,4.0,5.6,9,3.5,-0.5,3_성적 0.5이하 하락
ID01083,85.7,10.0,3.42,6.3,11,4.0,0.5800000000000001,2_성적 0.5이상 상승
ID01086,81.5,11.0,3.0,6.8,6,3.62,0.6200000000000001,2_성적 0.5이상 상승
ID01093,85.9,3.3,4.0,5.4,4,4.0,0.0,1_상위권 유지(Top 15%)
ID01095,89.7,1.8,3.66,7.7,9,3.92,0.2599999999999998,1_상위권 유지(Top 15%)
ID01103,82.1,10.4,2.76,7.1,13,3.55,0.79,2_성적 0.5이상 상승
ID01104,58.3,1.4,2.74,5.0,11,2.15,-0.5900000000000003,3_성적 0.5이하 하락
ID01108,100.0,11.5,2.77,7.3,8,3.69,0.9199999999999999,2_성적 0.5이상 상승
ID01112,70.6,0.8,3.55,9.8,16,2.96,-0.5899999999999999,3_성적 0.5이하 하락
ID01124,92.5,5.2,2.76,6.9,5,3.3,0.54,2_성적 0.5이상 상승
ID01126,84.8,9.6,3.41,6.8,7,4.0,0.5899999999999999,2_성적 0.5이상 상승
ID01127,86.0,7.1,2.63,6.9,5,3.22,0.5900000000000003,2_성적 0.5이상 상승
ID01128,74.1,4.0,3.95,6.2,10,3.95,0.0,1_상위권 유지(Top 15%)
ID01154,100.0,5.1,3.03,8.4,7,3.53,0.5,2_성적 0.5이상 상승
ID01162,86.7,10.5,3.24,6.6,10,3.91,0.6699999999999999,2_성적 0.5이상 상승
ID01163,100.0,4.7,4.0,5.9,6,4.0,0.0,1_상위권 유지(Top 15%)
ID01169,98.8,1.4,3.93,6.5,10,4.0,0.06999999999999984,1_상위권 유지(Top 15%)
ID01174,85.6,7.0,3.9,7.6,7,4.0,0.10000000000000009,1_상위권 유지(Top 15%)
ID01176,91.9,14.0,2.54,7.1,13,3.48,0.94,2_성적 0.5이상 상승
ID01180,94.1,7.5,2.85,8.1,5,3.46,0.6099999999999999,2_성적 0.5이상 상승
ID01181,100.0,7.7,3.81,7.3,8,4.0,0.18999999999999995,1_상위권 유지(Top 15%)
ID01182,86.0,3.2,3.86,7.4,7,4.0,0.14000000000000012,1_상위권 유지(Top 15%)
ID01184,100.0,6.6,2.25,7.9,7,2.85,0.6000000000000001,2_성적 0.5이상 상승
ID01186,81.2,3.6,3.22,7.8,7,3.72,0.5,2_성적 0.5이상 상승
ID01189,97.4,7.7,3.06,8.6,6,3.58,0.52,2_성적 0.5이상 상승
ID01192,76.9,4.1,3.94,6.3,14,3.89,-0.04999999999999982,1_상위권 유지(Top 15%)
ID01197,94.3,9.0,2.54,10.0,10,3.16,0.6200000000000001,2_성적 0.5이상 상승
ID01199,86.9,7.9,3.3,6.8,7,3.89,0.5900000000000003,2_성적 0.5이상 상승
ID01200,81.7,4.4,3.83,8.7,12,3.91,0.08000000000000007,1_상위권 유지(Top 15%)
ID01204,86.8,13.6,2.41,7.9,4,3.14,0.73,2_성적 0.5이상 상승
ID01209,58.4,2.6,2.92,4.7,6,2.4,-0.52,3_성적 0.5이하 하락
ID01210,94.6,7.9,3.5,5.9,4,4.0,0.5,2_성적 0.5이상 상승
ID01217,92.2,2.2,3.9,8.2,7,4.0,0.10000000000000009,1_상위권 유지(Top 15%)
ID01219,87.1,8.0,3.1,5.8,5,3.66,0.56,2_성적 0.5이상 상승
ID01225,80.9,9.7,2.65,9.6,10,3.17,0.52,2_성적 0.5이상 상승
ID01227,88.2,6.7,3.77,8.3,5,4.0,0.22999999999999998,1_상위권 유지(Top 15%)
ID01231,99.8,4.4,3.86,7.6,7,4.0,0.14000000000000012,1_상위권 유지(Top 15%)
ID01232,91.9,6.2,3.38,8.3,8,3.93,0.5500000000000003,2_성적 0.5이상 상승
ID01233,98.8,5.9,3.5,5.6,8,4.0,0.5,2_성적 0.5이상 상승
ID01237,90.4,2.3,3.84,6.9,11,4.0,0.16000000000000014,1_상위권 유지(Top 15%)
ID01242,100.0,9.6,3.04,9.8,2,3.61,0.5699999999999998,2_성적 0.5이상 상승
ID01244,87.6,13.7,3.49,5.6,8,4.0,0.5099999999999998,2_성적 0.5이상 상승
ID01248,100.0,12.3,3.4,5.9,7,4.0,0.6000000000000001,2_성적 0.5이상 상승
ID01253,83.3,9.1,3.09,7.5,5,3.69,0.6000000000000001,2_성적 0.5이상 상승
ID01254,100.0,9.0,3.79,6.9,8,4.0,0.20999999999999996,1_상위권 유지(Top 15%)
ID01255,95.1,2.7,3.71,7.4,10,3.94,0.22999999999999998,1_상위권 유지(Top 15%)
ID01262,74.9,7.5,3.71,7.1,12,3.99,0.28000000000000025,1_상위권 유지(Top 15%)
ID01279,100.0,4.4,3.93,7.7,8,4.0,0.06999999999999984,1_상위권 유지(Top 15%)
ID01280,77.7,2.5,4.0,6.9,12,4.0,0.0,1_상위권 유지(Top 15%)
ID01306,82.7,14.0,2.9,6.2,9,3.65,0.75,2_성적 0.5이상 상승
ID01309,85.5,8.6,3.4,8.6,3,3.93,0.5300000000000002,2_성적 0.5이상 상승
ID01335,83.8,9.3,3.19,5.9,4,3.88,0.69,2_성적 0.5이상 상승
ID01336,93.2,6.5,2.82,6.9,11,3.32,0.5,2_성적 0.5이상 상승
ID01342,94.3,1.5,4.0,5.7,7,4.0,0.0,1_상위권 유지(Top 15%)
ID01345,65.8,9.0,3.86,10.0,7,3.9,0.040000000000000036,1_상위권 유지(Top 15%)
ID01351,100.0,2.5,3.83,8.4,10,4.0,0.16999999999999993,1_상위권 유지(Top 15%)
ID01360,88.2,3.8,3.98,6.3,7,4.0,0.020000000000000018,1_상위권 유지(Top 15%)
ID01361,92.3,14.0,3.4,5.6,6,4.0,0.6000000000000001,2_성적 0.5이상 상승
ID01364,100.0,4.2,3.65,8.5,5,3.91,0.26000000000000023,1_상위권 유지(Top 15%)
ID01371,95.0,6.4,3.37,6.5,10,3.96,0.5899999999999999,2_성적 0.5이상 상승
ID01375,98.4,1.2,4.0,4.5,12,4.0,0.0,1_상위권 유지(Top 15%)
ID01389,99.3,2.1,4.0,7.6,15,4.0,0.0,1_상위권 유지(Top 15%)
ID01406,94.5,9.0,3.25,7.5,5,3.92,0.6699999999999999,2_성적 0.5이상 상승
ID01409,76.6,6.9,3.89,7.0,6,3.97,0.08000000000000007,1_상위권 유지(Top 15%)
ID01416,81.1,8.3,3.88,7.0,7,4.0,0.1200000000000001,1_상위권 유지(Top 15%)
ID01422,82.7,4.1,3.58,9.2,11,3.88,0.2999999999999998,1_상위권 유지(Top 15%)
ID01441,100.0,7.3,2.79,6.9,9,3.29,0.5,2_성적 0.5이상 상승
ID01446,85.1,7.0,3.25,6.2,7,3.78,0.5299999999999998,2_성적 0.5이상 상승
ID01454,80.9,10.2,3.87,8.8,6,4.0,0.1299999999999999,1_상위권 유지(Top 15%)
ID01457,100.0,7.6,3.5,6.4,7,4.0,0.5,2_성적 0.5이상 상승
ID01458,91.7,13.4,4.0,7.8,5,4.0,0.0,1_상위권 유지(Top 15%)
ID01477,100.0,7.8,2.12,6.5,11,2.81,0.69,2_성적 0.5이상 상승
ID01478,100.0,4.8,3.37,6.3,4,3.87,0.5,2_성적 0.5이상 상승
ID01482,80.9,3.5,3.87,8.4,7,3.91,0.040000000000000036,1_상위권 유지(Top 15%)
ID01483,87.7,5.5,3.72,8.5,6,3.91,0.18999999999999995,1_상위권 유지(Top 15%)
ID01485,87.1,12.9,2.76,5.5,4,3.65,0.8900000000000001,2_성적 0.5이상 상승
ID01493,88.0,8.0,3.12,5.1,12,3.75,0.6299999999999999,2_성적 0.5이상 상승
ID01499,78.2,1.5,3.77,8.0,9,3.87,0.10000000000000009,1_상위권 유지(Top 15%)
ID01501,75.2,9.7,2.76,6.3,9,3.26,0.5,2_성적 0.5이상 상승
ID01504,74.9,8.0,3.85,7.3,10,3.91,0.06000000000000005,1_상위권 유지(Top 15%)
ID01505,98.3,2.1,3.91,8.8,3,4.0,0.08999999999999986,1_상위권 유지(Top 15%)
ID01507,96.7,5.0,3.88,6.2,9,4.0,0.1200000000000001,1_상위권 유지(Top 15%)
ID01519,86.3,12.0,2.6,7.4,7,3.41,0.81,2_성적 0.5이상 상승
ID01521,88.7,6.6,2.82,7.5,5,3.33,0.5100000000000002,2_성적 0.5이상 상승
ID01536,96.9,12.3,3.35,9.3,11,3.89,0.54,2_성적 0.5이상 상승
ID01550,100.0,5.9,3.01,6.4,8,3.54,0.5300000000000002,2_성적 0.5이상 상승
ID01570,87.7,4.2,3.81,8.3,11,4.0,0.18999999999999995,1_상위권 유지(Top 15%)
ID01576,88.3,5.0,3.85,7.0,9,4.0,0.1499999999999999,1_상위권 유지(Top 15%)
ID01578,85.1,14.0,3.43,8.6,10,4.0,0.5699999999999998,2_성적 0.5이상 상승
ID01579,100.0,1.8,3.66,9.5,7,3.96,0.2999999999999998,1_상위권 유지(Top 15%)
ID01580,91.0,5.0,2.36,7.1,4,2.93,0.5700000000000003,2_성적 0.5이상 상승
ID01593,88.8,3.7,3.95,6.8,5,4.0,0.04999999999999982,1_상위권 유지(Top 15%)
ID01600,76.9,5.8,3.7,7.9,9,4.0,0.2999999999999998,1_상위권 유지(Top 15%)
ID01607,79.9,2.3,4.0,8.6,11,3.96,-0.040000000000000036,1_상위권 유지(Top 15%)
ID01608,81.6,3.3,3.77,7.1,4,3.9,0.1299999999999999,1_상위권 유지(Top 15%)
ID01616,100.0,12.2,2.34,6.6,6,2.99,0.6500000000000004,2_성적 0.5이상 상승
ID01619,66.0,2.0,4.0,8.0,11,4.0,0.0,1_상위권 유지(Top 15%)
ID01621,74.7,3.4,3.79,6.7,11,3.9,0.10999999999999988,1_상위권 유지(Top 15%)
ID01632,70.7,7.1,4.0,7.5,7,4.0,0.0,1_상위권 유지(Top 15%)
ID01642,94.2,6.0,2.3,9.0,2,2.83,0.5300000000000002,2_성적 0.5이상 상승
ID01646,99.4,12.0,3.18,6.9,11,3.92,0.7399999999999998,2_성적 0.5이상 상승
ID01658,87.0,11.3,3.16,6.5,7,4.0,0.8399999999999999,2_성적 0.5이상 상승
ID01659,100.0,6.4,3.08,5.2,10,3.59,0.5099999999999998,2_성적 0.5이상 상승
ID01673,87.5,5.9,3.7,8.4,9,4.0,0.2999999999999998,1_상위권 유지(Top 15%)
ID01674,99.5,3.3,3.9,9.6,12,4.0,0.10000000000000009,1_상위권 유지(Top 15%)
ID01678,100.0,13.5,2.97,7.0,9,3.89,0.9199999999999999,2_성적 0.5이상 상승
ID01684,83.7,8.4,3.0,6.8,5,3.51,0.5099999999999998,2_성적 0.5이상 상승
ID01695,100.0,8.0,2.22,4.0,7,2.86,0.6399999999999997,2_성적 0.5이상 상승
ID01700,87.8,4.8,4.0,6.7,7,4.0,0.0,1_상위권 유지(Top 15%)
ID01708,95.7,7.4,2.92,6.4,7,3.44,0.52,2_성적 0.5이상 상승
ID01709,74.7,5.9,3.98,6.2,8,4.0,0.020000000000000018,1_상위권 유지(Top 15%)
ID01717,83.5,8.6,3.31,8.9,11,3.91,0.6000000000000001,2_성적 0.5이상 상승
ID01722,82.7,3.5,3.81,7.7,11,4.0,0.18999999999999995,1_상위권 유지(Top 15%)
ID01723,100.0,3.6,2.58,7.1,6,3.08,0.5,2_성적 0.5이상 상승
ID01725,100.0,4.8,3.7,5.4,3,4.0,0.2999999999999998,1_상위권 유지(Top 15%)
ID01732,91.2,6.6,2.91,9.0,4,3.46,0.5499999999999998,2_성적 0.5이상 상승
ID01751,83.8,8.0,2.94,7.0,9,3.6,0.6600000000000001,2_성적 0.5이상 상승
ID01758,90.4,8.3,2.54,7.8,5,3.04,0.5,2_성적 0.5이상 상승
ID01762,67.2,2.6,3.91,6.9,9,3.95,0.040000000000000036,1_상위권 유지(Top 15%)
ID01769,82.0,4.4,3.72,7.4,10,4.0,0.2799999999999998,1_상위권 유지(Top 15%)
ID01771,100.0,6.0,3.34,6.6,7,3.92,0.5800000000000001,2_성적 0.5이상 상승
ID01791,80.0,6.6,1.6,5.4,7,2.11,0.5099999999999998,2_성적 0.5이상 상승
ID01802,81.9,6.0,2.73,7.0,14,3.27,0.54,2_성적 0.5이상 상승
ID01804,88.4,5.7,2.45,5.4,7,2.98,0.5299999999999998,2_성적 0.5이상 상승
ID01815,100.0,5.3,3.73,4.9,10,4.0,0.27,1_상위권 유지(Top 15%)
ID01819,100.0,7.3,2.79,5.9,5,3.34,0.5499999999999998,2_성적 0.5이상 상승
ID01824,84.9,5.2,3.01,7.5,8,3.57,0.56,2_성적 0.5이상 상승
ID01825,97.8,5.5,3.76,7.8,7,4.0,0.2400000000000002,1_상위권 유지(Top 15%)
ID01832,71.2,10.2,3.65,7.8,3,3.89,0.2400000000000002,1_상위권 유지(Top 15%)
ID01838,97.1,9.7,3.41,7.6,9,4.0,0.5899999999999999,2_성적 0.5이상 상승
ID01841,82.3,6.1,2.76,6.3,7,3.29,0.5300000000000002,2_성적 0.5이상 상승
ID01855,100.0,11.6,3.16,6.2,10,3.88,0.7199999999999998,2_성적 0.5이상 상승
ID01858,53.7,2.3,3.64,8.2,6,3.02,-0.6200000000000001,3_성적 0.5이하 하락
ID01862,100.0,5.4,2.57,7.6,8,3.07,0.5,2_성적 0.5이상 상승
ID01870,100.0,7.6,3.09,8.2,14,3.7,0.6100000000000003,2_성적 0.5이상 상승
ID01887,50.6,1.4,3.16,9.3,14,2.6,-0.56,3_성적 0.5이하 하락
ID01890,90.1,8.2,3.02,6.9,6,3.57,0.5499999999999998,2_성적 0.5이상 상승
ID01900,87.2,3.7,3.41,7.0,7,3.94,0.5299999999999998,2_성적 0.5이상 상승
ID01902,79.1,5.8,3.72,7.3,8,4.0,0.2799999999999998,1_상위권 유지(Top 15%)
ID01908,82.6,6.1,2.43,5.5,6,2.94,0.5099999999999998,2_성적 0.5이상 상승
ID01915,82.8,8.7,2.33,7.9,10,2.83,0.5,2_성적 0.5이상 상승
ID01924,99.0,10.0,2.84,7.6,6,3.44,0.6000000000000001,2_성적 0.5이상 상승
ID01928,100.0,7.4,3.7,5.8,7,3.99,0.29000000000000004,1_상위권 유지(Top 15%)
ID01929,100.0,6.5,2.59,4.9,5,3.12,0.5300000000000002,2_성적 0.5이상 상승
ID01930,100.0,8.7,2.95,7.6,10,3.59,0.6399999999999997,2_성적 0.5이상 상승
ID01936,80.4,3.3,3.65,6.8,9,3.94,0.29000000000000004,1_상위권 유지(Top 15%)
ID01942,97.1,4.3,3.88,4.0,8,4.0,0.1200000000000001,1_상위권 유지(Top 15%)
ID01946,83.8,8.2,3.76,6.3,6,4.0,0.2400000000000002,1_상위권 유지(Top 15%)
ID01949,81.1,9.8,3.92,10.0,4,4.0,0.08000000000000007,1_상위권 유지(Top 15%)
ID01951,85.8,3.3,3.76,7.4,12,4.0,0.2400000000000002,1_상위권 유지(Top 15%)
ID01953,97.8,6.0,2.83,6.4,11,3.43,0.6000000000000001,2_성적 0.5이상 상승
ID01984,80.8,3.3,4.0,8.3,10,4.0,0.0,1_상위권 유지(Top 15%)
ID01985,79.4,5.8,3.95,7.1,9,4.0,0.04999999999999982,1_상위권 유지(Top 15%)
ID01991,76.6,2.8,4.0,7.1,7,3.98,-0.020000000000000018,1_상위권 유지(Top 15%)
ID01994,81.5,4.2,3.92,7.7,7,4.0,0.08000000000000007,1_상위권 유지(Top 15%)
ID02005,100.0,3.7,3.81,6.9,11,4.0,0.18999999999999995,1_상위권 유지(Top 15%)
ID02017,99.9,6.0,3.23,7.4,8,3.85,0.6200000000000001,2_성적 0.5이상 상승
ID02023,84.2,6.2,2.93,9.4,10,3.49,0.56,2_성적 0.5이상 상승
ID02024,100.0,14.0,2.19,6.5,7,2.99,0.8000000000000003,2_성적 0.5이상 상승
ID02030,89.2,2.6,3.68,5.8,13,3.98,0.2999999999999998,1_상위권 유지(Top 15%)
ID02034,55.8,2.0,3.41,8.4,9,2.91,-0.5,3_성적 0.5이하 하락
ID02035,95.0,2.8,3.8,7.6,3,4.0,0.20000000000000018,1_상위권 유지(Top 15%)
ID02038,71.7,5.2,3.83,5.9,10,3.93,0.10000000000000009,1_상위권 유지(Top 15%)
ID02039,72.2,7.9,3.78,7.5,4,3.9,0.1200000000000001,1_상위권 유지(Top 15%)
ID02048,94.7,10.3,3.25,7.6,7,3.88,0.6299999999999999,2_성적 0.5이상 상승
ID02051,84.6,5.8,3.98,8.9,3,4.0,0.020000000000000018,1_상위권 유지(Top 15%)
ID02054,89.0,9.8,2.96,7.8,6,3.61,0.6499999999999999,2_성적 0.5이상 상승
ID02062,93.2,7.0,3.79,7.8,8,4.0,0.20999999999999996,1_상위권 유지(Top 15%)
ID02069,83.9,4.1,4.0,9.3,4,4.0,0.0,1_상위권 유지(Top 15%)
ID02072,93.3,9.7,3.45,4.0,15,4.0,0.5499999999999998,2_성적 0.5이상 상승
ID02075,84.5,9.6,3.95,9.4,5,4.0,0.04999999999999982,1_상위권 유지(Top 15%)
ID02076,77.1,10.8,2.53,7.0,10,3.1,0.5700000000000003,2_성적 0.5이상 상승
ID02085,73.4,8.5,3.96,6.9,13,4.0,0.040000000000000036,1_상위권 유지(Top 15%)
ID02092,86.5,3.9,4.0,6.7,11,4.0,0.0,1_상위권 유지(Top 15%)
ID02097,47.6,4.0,3.36,9.0,17,2.74,-0.6199999999999997,3_성적 0.5이하 하락
ID02112,89.7,8.9,2.73,10.0,7,3.42,0.69,2_성적 0.5이상 상승
ID02114,82.7,14.0,3.74,8.7,9,4.0,0.2599999999999998,1_상위권 유지(Top 15%)
ID02124,82.4,8.6,2.63,8.3,5,3.23,0.6000000000000001,2_성적 0.5이상 상승
ID02129,90.7,7.8,3.25,6.2,5,3.87,0.6200000000000001,2_성적 0.5이상 상승
ID02132,92.4,7.0,2.84,7.9,8,3.52,0.6800000000000002,2_성적 0.5이상 상승
ID02138,90.7,8.2,2.4,6.0,9,3.03,0.6299999999999999,2_성적 0.5이상 상승
ID02149,83.5,2.4,4.0,6.8,5,4.0,0.0,1_상위권 유지(Top 15%)
ID02150,96.7,7.2,3.99,6.0,5,4.0,0.009999999999999787,1_상위권 유지(Top 15%)
ID02156,100.0,8.0,3.32,7.0,9,3.97,0.6500000000000004,2_성적 0.5이상 상승
ID02160,91.5,8.7,2.87,4.7,8,3.47,0.6000000000000001,2_성적 0.5이상 상승
ID02169,88.1,6.1,3.7,8.2,4,4.0,0.2999999999999998,1_상위권 유지(Top 15%)
ID02172,73.3,4.9,3.91,6.7,9,4.0,0.08999999999999986,1_상위권 유지(Top 15%)
ID02174,86.1,3.7,2.91,6.2,7,3.41,0.5,2_성적 0.5이상 상승
ID02185,88.3,4.0,2.54,6.3,8,3.06,0.52,2_성적 0.5이상 상승
ID02190,93.6,2.5,4.0,5.1,9,3.98,-0.020000000000000018,1_상위권 유지(Top 15%)
ID02196,91.5,6.5,3.13,8.3,5,3.64,0.5100000000000002,2_성적 0.5이상 상승
ID02211,90.8,2.6,4.0,7.7,7,4.0,0.0,1_상위권 유지(Top 15%)
ID02224,80.1,6.1,3.15,5.4,9,3.67,0.52,2_성적 0.5이상 상승
ID02227,100.0,5.0,3.76,6.6,9,4.0,0.2400000000000002,1_상위권 유지(Top 15%)
ID02233,75.2,2.7,4.0,6.1,12,4.0,0.0,1_상위권 유지(Top 15%)
ID02237,67.3,9.3,3.75,7.9,9,4.0,0.25,1_상위권 유지(Top 15%)
ID02238,100.0,10.2,3.74,9.1,12,4.0,0.2599999999999998,1_상위권 유지(Top 15%)
ID02239,98.3,6.5,3.82,6.1,12,4.0,0.18000000000000016,1_상위권 유지(Top 15%)
ID02245,88.3,1.7,3.92,8.9,7,3.89,-0.029999999999999805,1_상위권 유지(Top 15%)
ID02259,90.6,9.1,2.13,8.0,12,2.74,0.6100000000000003,2_성적 0.5이상 상승
ID02265,92.8,2.0,3.76,6.6,3,4.0,0.2400000000000002,1_상위권 유지(Top 15%)
ID02273,83.3,11.1,3.25,10.0,12,3.87,0.6200000000000001,2_성적 0.5이상 상승
ID02276,83.9,4.1,2.87,7.5,6,3.42,0.5499999999999998,2_성적 0.5이상 상승
ID02278,99.6,3.6,1.95,6.8,5,2.46,0.51,2_성적 0.5이상 상승
ID02279,91.2,11.6,3.24,6.6,11,4.0,0.7599999999999998,2_성적 0.5이상 상승
ID02283,100.0,8.9,3.15,5.7,6,3.82,0.6699999999999999,2_성적 0.5이상 상승
ID02288,99.6,8.3,3.01,4.3,4,3.67,0.6600000000000001,2_성적 0.5이상 상승
ID02308,98.7,7.2,2.66,9.2,7,3.2,0.54,2_성적 0.5이상 상승
ID02317,94.8,2.4,3.8,5.3,9,4.0,0.20000000000000018,1_상위권 유지(Top 15%)
ID02325,65.9,6.6,3.83,7.2,3,4.0,0.16999999999999993,1_상위권 유지(Top 15%)
ID02326,99.4,9.4,4.0,9.3,7,4.0,0.0,1_상위권 유지(Top 15%)
ID02327,83.4,9.6,2.58,5.5,8,3.11,0.5299999999999998,2_성적 0.5이상 상승
ID02329,98.4,3.6,3.76,8.7,9,3.99,0.23000000000000043,1_상위권 유지(Top 15%)
ID02342,79.1,5.6,3.91,7.5,6,4.0,0.08999999999999986,1_상위권 유지(Top 15%)
ID02356,100.0,6.5,3.8,7.0,10,4.0,0.20000000000000018,1_상위권 유지(Top 15%)
ID02362,83.2,3.2,3.95,8.2,12,4.0,0.04999999999999982,1_상위권 유지(Top 15%)
ID02364,84.3,3.4,3.7,5.4,8,3.98,0.2799999999999998,1_상위권 유지(Top 15%)
ID02365,91.8,2.3,3.92,5.9,7,3.99,0.07000000000000028,1_상위권 유지(Top 15%)
ID02369,99.9,5.1,2.94,6.8,6,3.53,0.5899999999999999,2_성적 0.5이상 상승
ID02375,100.0,5.6,3.98,7.0,7,4.0,0.020000000000000018,1_상위권 유지(Top 15%)
ID02387,81.1,9.9,2.5,9.5,8,3.22,0.7200000000000002,2_성적 0.5이상 상승
ID02388,85.1,2.3,4.0,5.6,11,4.0,0.0,1_상위권 유지(Top 15%)
ID02389,89.5,6.3,2.79,7.0,12,3.39,0.6000000000000001,2_성적 0.5이상 상승
ID02396,85.6,2.5,3.96,5.5,11,4.0,0.040000000000000036,1_상위권 유지(Top 15%)
ID02399,81.8,9.3,3.36,7.7,8,3.91,0.5500000000000003,2_성적 0.5이상 상승
ID02400,100.0,10.2,3.23,5.0,14,3.88,0.6499999999999999,2_성적 0.5이상 상승
ID02402,88.4,5.6,3.72,8.0,10,4.0,0.2799999999999998,1_상위권 유지(Top 15%)
ID02403,100.0,8.5,2.69,7.0,5,3.32,0.6299999999999999,2_성적 0.5이상 상승
ID02404,83.8,3.7,3.96,6.5,8,4.0,0.040000000000000036,1_상위권 유지(Top 15%)
ID02410,83.4,10.0,2.86,6.8,10,3.61,0.75,2_성적 0.5이상 상승
ID02414,94.3,9.5,3.35,7.4,8,3.9,0.5499999999999998,2_성적 0.5이상 상승
ID02417,78.1,8.3,3.76,4.2,13,3.91,0.15000000000000036,1_상위권 유지(Top 15%)
ID02418,69.1,11.7,2.49,7.7,4,3.01,0.5199999999999996,2_성적 0.5이상 상승
ID02421,84.3,7.9,3.41,7.1,10,3.92,0.5099999999999998,2_성적 0.5이상 상승
ID02426,97.1,4.1,2.99,7.4,5,3.54,0.5499999999999998,2_성적 0.5이상 상승
ID02430,77.5,6.9,3.85,4.7,12,4.0,0.1499999999999999,1_상위권 유지(Top 15%)
ID02433,95.6,1.5,3.84,7.8,10,3.98,0.14000000000000012,1_상위권 유지(Top 15%)
ID02435,100.0,8.8,2.94,9.0,7,3.5,0.56,2_성적 0.5이상 상승
ID02436,85.2,6.3,3.72,8.5,13,4.0,0.2799999999999998,1_상위권 유지(Top 15%)
ID02440,80.0,5.8,3.33,9.3,4,3.85,0.52,2_성적 0.5이상 상승
ID02442,79.8,6.3,4.0,7.4,10,4.0,0.0,1_상위권 유지(Top 15%)
ID02447,73.2,6.7,4.0,6.3,5,4.0,0.0,1_상위권 유지(Top 15%)
ID02449,96.0,9.7,2.83,6.6,10,3.36,0.5299999999999998,2_성적 0.5이상 상승
ID02453,58.4,2.5,3.17,4.0,8,2.63,-0.54,3_성적 0.5이하 하락
ID02459,88.3,12.3,2.06,8.9,6,2.58,0.52,2_성적 0.5이상 상승
ID02460,85.5,6.8,2.81,6.0,2,3.42,0.6099999999999999,2_성적 0.5이상 상승
ID02476,91.1,8.5,3.13,5.4,7,3.63,0.5,2_성적 0.5이상 상승
ID02483,91.9,6.6,2.85,6.0,5,3.42,0.5699999999999998,2_성적 0.5이상 상승
ID02493,63.6,2.4,4.0,6.6,12,4.0,0.0,1_상위권 유지(Top 15%)
ID02495,88.4,1.7,4.0,5.1,5,4.0,0.0,1_상위권 유지(Top 15%)
ID02505,80.9,10.4,3.02,7.2,8,3.86,0.8399999999999999,2_성적 0.5이상 상승
ID02506,100.0,12.0,2.88,6.8,11,3.54,0.6600000000000001,2_성적 0.5이상 상승
ID02508,88.8,7.4,3.88,7.8,8,4.0,0.1200000000000001,1_상위권 유지(Top 15%)
ID02513,96.0,3.3,3.71,6.5,4,4.0,0.29000000000000004,1_상위권 유지(Top 15%)
ID02517,74.8,9.8,2.59,6.0,6,3.1,0.5100000000000002,2_성적 0.5이상 상승
ID02518,89.4,7.8,3.9,8.3,9,4.0,0.10000000000000009,1_상위권 유지(Top 15%)
ID02537,93.8,7.6,3.02,7.1,14,3.58,0.56,2_성적 0.5이상 상승
ID02550,91.2,5.8,4.0,7.0,10,4.0,0.0,1_상위권 유지(Top 15%)
ID02551,92.9,14.0,2.32,4.0,9,3.1,0.7800000000000002,2_성적 0.5이상 상승
ID02558,81.8,6.8,3.23,9.4,10,3.78,0.5499999999999998,2_성적 0.5이상 상승
ID02559,82.6,10.0,2.8,6.4,10,3.5,0.7000000000000002,2_성적 0.5이상 상승
ID02563,90.7,4.6,3.84,5.8,10,4.0,0.16000000000000014,1_상위권 유지(Top 15%)
ID02566,100.0,5.2,4.0,7.4,7,4.0,0.0,1_상위권 유지(Top 15%)
ID02570,54.6,2.4,3.37,7.5,12,2.86,-0.5100000000000002,3_성적 0.5이하 하락
ID02572,88.7,8.7,2.57,6.2,10,3.17,0.6000000000000001,2_성적 0.5이상 상승
ID02573,85.5,11.7,3.14,7.8,9,3.69,0.5499999999999998,2_성적 0.5이상 상승
ID02575,84.5,6.8,3.84,7.0,5,4.0,0.16000000000000014,1_상위권 유지(Top 15%)
ID02577,80.5,8.7,2.78,5.9,6,3.39,0.6100000000000003,2_성적 0.5이상 상승
ID02579,87.8,6.0,3.73,7.5,5,4.0,0.27,1_상위권 유지(Top 15%)
ID02590,90.2,6.7,4.0,5.2,3,4.0,0.0,1_상위권 유지(Top 15%)
ID02592,84.1,4.0,3.76,8.4,7,3.98,0.2200000000000002,1_상위권 유지(Top 15%)
ID02594,66.9,5.3,4.0,4.7,7,4.0,0.0,1_상위권 유지(Top 15%)
ID02604,93.9,6.4,3.97,9.3,8,4.0,0.029999999999999805,1_상위권 유지(Top 15%)
ID02610,72.2,3.1,4.0,6.7,5,3.92,-0.08000000000000007,1_상위권 유지(Top 15%)
ID02611,57.8,1.3,2.83,8.7,12,2.33,-0.5,3_성적 0.5이하 하락
ID02616,97.4,5.1,3.99,6.8,9,4.0,0.009999999999999787,1_상위권 유지(Top 15%)
ID02617,73.9,5.4,3.85,8.3,12,3.94,0.08999999999999986,1_상위권 유지(Top 15%)
ID02623,100.0,6.2,2.25,7.1,7,2.76,0.5099999999999998,2_성적 0.5이상 상승
ID02625,80.1,10.7,2.62,6.2,6,3.14,0.52,2_성적 0.5이상 상승
ID02627,81.4,13.9,2.96,5.5,5,3.89,0.9300000000000002,2_성적 0.5이상 상승
ID02629,100.0,2.7,3.78,7.4,7,4.0,0.2200000000000002,1_상위권 유지(Top 15%)
ID02645,49.3,0.9,2.98,9.8,7,2.34,-0.6400000000000001,3_성적 0.5이하 하락
ID02646,68.5,4.1,4.0,6.4,7,3.99,-0.009999999999999787,1_상위권 유지(Top 15%)
ID02649,72.8,1.8,3.89,7.7,6,3.98,0.08999999999999986,1_상위권 유지(Top 15%)
ID02652,100.0,12.8,3.36,7.9,6,4.0,0.6400000000000001,2_성적 0.5이상 상승
ID02665,100.0,6.9,4.0,5.2,13,4.0,0.0,1_상위권 유지(Top 15%)
ID02668,100.0,1.7,3.94,7.1,6,4.0,0.06000000000000005,1_상위권 유지(Top 15%)
ID02676,96.8,4.4,4.0,7.3,8,4.0,0.0,1_상위권 유지(Top 15%)
ID02678,80.7,2.6,4.0,6.8,9,4.0,0.0,1_상위권 유지(Top 15%)
ID02685,89.4,1.1,3.95,7.8,5,4.0,0.04999999999999982,1_상위권 유지(Top 15%)
ID02686,90.9,8.0,3.03,5.1,5,3.64,0.6100000000000003,2_성적 0.5이상 상승
ID02697,94.4,3.8,3.78,4.0,7,3.9,0.1200000000000001,1_상위권 유지(Top 15%)
ID02705,88.4,8.2,3.37,5.5,10,3.9,0.5299999999999998,2_성적 0.5이상 상승
ID02707,100.0,8.2,2.85,8.6,8,3.44,0.5899999999999999,2_성적 0.5이상 상승
ID02710,83.6,2.8,3.98,8.9,8,4.0,0.020000000000000018,1_상위권 유지(Top 15%)
ID02711,100.0,11.1,2.55,8.3,14,3.3,0.75,2_성적 0.5이상 상승
ID02712,100.0,3.4,3.3,6.8,7,3.81,0.5100000000000002,2_성적 0.5이상 상승
ID02744,100.0,1.9,3.73,7.9,8,3.97,0.2400000000000002,1_상위권 유지(Top 15%)
ID02748,70.5,7.0,4.0,8.2,7,4.0,0.0,1_상위권 유지(Top 15%)
ID02750,67.6,5.4,4.0,6.7,8,3.97,-0.029999999999999805,1_상위권 유지(Top 15%)
ID02751,100.0,9.6,3.27,7.6,7,3.99,0.7200000000000002,2_성적 0.5이상 상승
ID02752,100.0,6.9,3.22,6.9,12,3.89,0.6699999999999999,2_성적 0.5이상 상승
ID02753,85.2,9.0,2.02,8.7,9,2.55,0.5299999999999998,2_성적 0.5이상 상승
ID02760,92.3,2.9,4.0,7.7,5,4.0,0.0,1_상위권 유지(Top 15%)
ID02766,88.4,9.2,2.96,8.4,7,3.63,0.6699999999999999,2_성적 0.5이상 상승
ID02770,100.0,11.9,3.07,8.8,13,3.6,0.5300000000000002,2_성적 0.5이상 상승
ID02771,92.2,10.3,2.51,6.8,8,3.07,0.56,2_성적 0.5이상 상승
ID02772,71.2,6.6,3.82,6.6,14,4.0,0.18000000000000016,1_상위권 유지(Top 15%)
ID02774,85.5,2.3,3.82,8.1,11,3.94,0.1200000000000001,1_상위권 유지(Top 15%)
ID02778,98.6,3.9,4.0,7.0,8,4.0,0.0,1_상위권 유지(Top 15%)
ID02786,75.6,4.6,4.0,4.0,9,4.0,0.0,1_상위권 유지(Top 15%)
ID02789,100.0,14.0,2.74,5.9,7,3.38,0.6399999999999997,2_성적 0.5이상 상승
ID02791,100.0,11.4,3.2,7.5,8,3.88,0.6799999999999997,2_성적 0.5이상 상승
ID02794,87.7,1.9,3.98,8.4,2,3.95,-0.029999999999999805,1_상위권 유지(Top 15%)
ID02795,84.3,5.9,2.8,7.4,11,3.4,0.6000000000000001,2_성적 0.5이상 상승
ID02798,94.1,7.3,3.25,4.3,9,3.86,0.6099999999999999,2_성적 0.5이상 상승
ID02799,90.5,4.9,2.82,6.8,9,3.32,0.5,2_성적 0.5이상 상승
ID02800,84.5,6.4,2.84,7.3,6,3.36,0.52,2_성적 0.5이상 상승
ID02801,100.0,8.0,2.37,6.7,10,3.12,0.75,2_성적 0.5이상 상승
ID02804,95.8,3.1,4.0,7.5,8,4.0,0.0,1_상위권 유지(Top 15%)
ID02809,100.0,10.9,2.45,7.1,9,3.21,0.7599999999999998,2_성적 0.5이상 상승
ID02810,80.5,3.9,4.0,7.6,4,4.0,0.0,1_상위권 유지(Top 15%)
ID02816,100.0,5.5,3.76,7.6,13,4.0,0.2400000000000002,1_상위권 유지(Top 15%)
ID02819,71.8,1.2,4.0,6.8,6,4.0,0.0,1_상위권 유지(Top 15%)
ID02834,73.0,6.6,3.74,6.6,11,4.0,0.2599999999999998,1_상위권 유지(Top 15%)
ID02840,80.7,2.5,3.83,8.5,9,3.95,0.1200000000000001,1_상위권 유지(Top 15%)
ID02843,100.0,2.4,3.71,10.0,10,3.91,0.20000000000000018,1_상위권 유지(Top 15%)
ID02865,73.6,9.8,4.0,6.6,10,4.0,0.0,1_상위권 유지(Top 15%)
ID02871,100.0,2.7,3.83,5.8,7,3.87,0.040000000000000036,1_상위권 유지(Top 15%)
ID02873,93.8,8.2,4.0,7.2,8,4.0,0.0,1_상위권 유지(Top 15%)
ID02874,59.9,1.3,3.21,5.8,19,2.33,-0.8799999999999999,3_성적 0.5이하 하락
ID02881,79.6,5.4,4.0,7.4,13,3.94,-0.06000000000000005,1_상위권 유지(Top 15%)
ID02884,74.6,4.2,3.94,4.0,8,4.0,0.06000000000000005,1_상위권 유지(Top 15%)
ID02886,100.0,2.6,3.67,8.6,10,3.9,0.22999999999999998,1_상위권 유지(Top 15%)
ID02889,69.5,8.0,3.95,9.6,9,4.0,0.04999999999999982,1_상위권 유지(Top 15%)
ID02909,94.7,7.8,3.5,5.6,7,4.0,0.5,2_성적 0.5이상 상승
ID02918,88.6,2.9,3.91,8.8,8,3.99,0.08000000000000007,1_상위권 유지(Top 15%)
ID02919,86.0,9.3,3.16,7.4,5,3.75,0.5899999999999999,2_성적 0.5이상 상승
ID02924,95.9,7.4,4.0,7.3,8,4.0,0.0,1_상위권 유지(Top 15%)
ID02934,75.0,3.6,3.86,5.8,11,3.88,0.020000000000000018,1_상위권 유지(Top 15%)
ID02942,78.4,13.2,2.81,6.1,7,3.47,0.6600000000000001,2_성적 0.5이상 상승
ID02944,88.5,14.0,2.35,6.9,8,3.4,1.0499999999999998,2_성적 0.5이상 상승
ID02945,75.2,4.2,3.93,5.2,9,3.95,0.020000000000000018,1_상위권 유지(Top 15%)
ID02946,100.0,4.7,3.85,8.4,9,3.97,0.1200000000000001,1_상위권 유지(Top 15%)
ID02949,61.7,2.8,3.85,6.1,10,3.94,0.08999999999999986,1_상위권 유지(Top 15%)
ID02950,100.0,9.0,3.32,7.9,9,3.89,0.5700000000000003,2_성적 0.5이상 상승
ID02955,57.0,0.6,2.84,6.9,3,2.22,-0.6199999999999997,3_성적 0.5이하 하락
ID02963,86.1,3.3,3.82,5.4,6,4.0,0.18000000000000016,1_상위권 유지(Top 15%)
ID02966,88.2,6.7,2.82,8.5,8,3.34,0.52,2_성적 0.5이상 상승
ID02968,98.0,11.1,3.21,6.6,6,3.99,0.7800000000000002,2_성적 0.5이상 상승
ID02982,100.0,4.9,3.75,7.0,5,4.0,0.25,1_상위권 유지(Top 15%)
ID02984,97.3,3.1,3.36,6.1,9,3.86,0.5,2_성적 0.5이상 상승
ID02985,100.0,6.2,3.15,6.0,7,3.81,0.6600000000000001,2_성적 0.5이상 상승
ID02989,76.7,3.6,4.0,4.0,10,3.93,-0.06999999999999984,1_상위권 유지(Top 15%)
ID02991,91.5,6.0,3.83,6.5,11,4.0,0.16999999999999993,1_상위권 유지(Top 15%)
ID02994,85.3,2.8,3.82,7.0,8,4.0,0.18000000000000016,1_상위권 유지(Top 15%)
ID02998,86.6,6.5,3.23,5.2,8,3.75,0.52,2_성적 0.5이상 상승
ID03003,86.1,11.8,2.85,6.4,7,3.54,0.69,2_성적 0.5이상 상승
ID03008,81.8,5.4,2.38,7.3,7,2.97,0.5900000000000003,2_성적 0.5이상 상승
ID03024,68.1,6.4,3.77,7.7,6,3.96,0.18999999999999995,1_상위권 유지(Top 15%)
ID03025,84.0,5.6,2.72,7.2,12,3.32,0.5999999999999996,2_성적 0.5이상 상승
ID03030,82.1,5.6,3.81,7.0,9,4.0,0.18999999999999995,1_상위권 유지(Top 15%)
ID03031,91.1,2.6,3.72,5.6,10,3.93,0.20999999999999996,1_상위권 유지(Top 15%)
ID03035,82.1,5.0,3.76,7.8,8,4.0,0.2400000000000002,1_상위권 유지(Top 15%)
ID03038,75.6,1.9,3.78,6.5,5,3.88,0.10000000000000009,1_상위권 유지(Top 15%)
ID03041,80.0,3.9,4.0,6.2,8,4.0,0.0,1_상위권 유지(Top 15%)
ID03058,100.0,7.0,2.95,7.2,11,3.51,0.5599999999999996,2_성적 0.5이상 상승
ID03059,94.5,4.6,4.0,7.3,10,4.0,0.0,1_상위권 유지(Top 15%)
ID03072,74.2,4.3,3.76,7.4,12,3.88,0.1200000000000001,1_상위권 유지(Top 15%)
ID03081,87.0,12.4,2.36,6.4,7,2.96,0.6000000000000001,2_성적 0.5이상 상승
ID03084,86.1,1.0,3.71,7.2,11,4.0,0.29000000000000004,1_상위권 유지(Top 15%)
ID03086,89.5,3.4,3.88,8.7,6,4.0,0.1200000000000001,1_상위권 유지(Top 15%)
ID03089,77.6,6.1,4.0,8.6,15,4.0,0.0,1_상위권 유지(Top 15%)
ID03101,96.8,4.1,2.3,6.5,5,2.84,0.54,2_성적 0.5이상 상승
ID03104,85.7,6.8,2.51,8.1,8,3.04,0.5300000000000002,2_성적 0.5이상 상승
ID03106,63.2,13.6,3.17,6.2,6,3.79,0.6200000000000001,2_성적 0.5이상 상승
ID03119,85.3,4.8,3.89,6.5,6,4.0,0.10999999999999988,1_상위권 유지(Top 15%)
ID03120,85.6,5.2,3.86,8.2,8,3.99,0.13000000000000034,1_상위권 유지(Top 15%)
ID03125,86.2,3.7,3.75,5.6,10,4.0,0.25,1_상위권 유지(Top 15%)
ID03127,90.8,3.9,3.76,5.1,6,4.0,0.2400000000000002,1_상위권 유지(Top 15%)
ID03134,64.4,4.1,3.85,8.0,10,3.91,0.06000000000000005,1_상위권 유지(Top 15%)
ID03135,88.1,10.4,3.45,7.1,10,4.0,0.5499999999999998,2_성적 0.5이상 상승
ID03138,100.0,6.6,4.0,7.8,7,4.0,0.0,1_상위권 유지(Top 15%)
ID03145,86.2,3.1,3.7,5.8,6,4.0,0.2999999999999998,1_상위권 유지(Top 15%)
ID03146,98.3,2.5,4.0,6.5,6,4.0,0.0,1_상위권 유지(Top 15%)
ID03148,100.0,5.9,3.05,5.9,8,3.58,0.5300000000000002,2_성적 0.5이상 상승
ID03153,91.8,9.8,3.48,8.3,5,4.0,0.52,2_성적 0.5이상 상승
ID03154,67.3,8.0,4.0,9.1,8,4.0,0.0,1_상위권 유지(Top 15%)
ID03155,83.9,9.8,2.81,8.4,5,3.54,0.73,2_성적 0.5이상 상승
ID03157,83.5,1.2,3.83,6.5,4,4.0,0.16999999999999993,1_상위권 유지(Top 15%)
ID03161,80.1,9.9,3.23,6.3,6,3.86,0.6299999999999999,2_성적 0.5이상 상승
ID03171,75.3,5.9,3.65,9.0,8,3.87,0.2200000000000002,1_상위권 유지(Top 15%)
ID03177,94.6,4.6,4.0,6.6,5,4.0,0.0,1_상위권 유지(Top 15%)
ID03180,92.9,7.7,3.99,7.6,13,4.0,0.009999999999999787,1_상위권 유지(Top 15%)
ID03181,93.2,6.0,2.38,7.1,9,2.98,0.6000000000000001,2_성적 0.5이상 상승
ID03184,92.4,14.0,2.07,6.8,9,2.79,0.7200000000000002,2_성적 0.5이상 상승
ID03188,99.2,9.2,3.39,7.0,9,4.0,0.6099999999999999,2_성적 0.5이상 상승
ID03192,83.8,6.4,3.89,4.6,9,4.0,0.10999999999999988,1_상위권 유지(Top 15%)
ID03204,88.8,9.8,3.06,8.5,7,3.65,0.5899999999999999,2_성적 0.5이상 상승
ID03222,88.3,5.8,3.75,4.5,10,3.9,0.1499999999999999,1_상위권 유지(Top 15%)
ID03224,87.4,5.3,4.0,4.7,10,4.0,0.0,1_상위권 유지(Top 15%)
ID03225,90.2,4.1,3.79,4.0,6,4.0,0.20999999999999996,1_상위권 유지(Top 15%)
ID03230,97.1,7.0,2.88,8.3,8,3.46,0.5800000000000001,2_성적 0.5이상 상승
ID03244,100.0,5.2,3.95,8.1,6,4.0,0.04999999999999982,1_상위권 유지(Top 15%)
ID03257,95.6,11.0,3.8,5.6,13,4.0,0.20000000000000018,1_상위권 유지(Top 15%)
ID03258,87.4,6.5,4.0,4.7,9,4.0,0.0,1_상위권 유지(Top 15%)
ID03262,100.0,4.7,3.09,6.8,5,3.63,0.54,2_성적 0.5이상 상승
ID03270,96.5,13.0,2.62,6.0,4,3.35,0.73,2_성적 0.5이상 상승
ID03274,95.8,3.7,3.77,4.5,8,3.9,0.1299999999999999,1_상위권 유지(Top 15%)
ID03279,99.2,7.6,3.96,7.4,6,4.0,0.040000000000000036,1_상위권 유지(Top 15%)
ID03286,96.8,3.9,4.0,7.2,4,4.0,0.0,1_상위권 유지(Top 15%)
ID03302,100.0,7.1,1.92,8.9,5,2.42,0.5,2_성적 0.5이상 상승
ID03306,97.2,10.7,3.29,5.7,9,3.82,0.5299999999999998,2_성적 0.5이상 상승
ID03310,81.1,4.7,3.11,6.8,8,3.67,0.56,2_성적 0.5이상 상승
ID03317,75.1,2.1,3.9,5.9,8,3.95,0.050000000000000266,1_상위권 유지(Top 15%)
ID03318,87.6,3.4,4.0,7.1,6,4.0,0.0,1_상위권 유지(Top 15%)
ID03337,62.2,4.0,3.81,7.5,9,3.89,0.08000000000000007,1_상위권 유지(Top 15%)
ID03338,90.8,7.4,2.53,5.1,7,3.04,0.5100000000000002,2_성적 0.5이상 상승
ID03341,83.4,1.5,3.99,10.0,7,4.0,0.009999999999999787,1_상위권 유지(Top 15%)
ID03343,92.7,6.0,3.73,6.2,6,4.0,0.27,1_상위권 유지(Top 15%)
ID03349,91.8,6.3,3.48,7.9,9,4.0,0.52,2_성적 0.5이상 상승
ID03350,100.0,4.0,3.0,6.6,7,3.51,0.5099999999999998,2_성적 0.5이상 상승
ID03356,87.6,6.1,3.99,6.4,17,4.0,0.009999999999999787,1_상위권 유지(Top 15%)
ID03363,100.0,4.6,3.15,6.4,5,3.72,0.5700000000000003,2_성적 0.5이상 상승
ID03371,52.6,1.1,3.55,7.0,10,2.97,-0.5799999999999996,3_성적 0.5이하 하락
ID03376,83.9,5.4,2.69,7.4,9,3.2,0.5100000000000002,2_성적 0.5이상 상승
ID03381,99.1,12.9,2.8,6.6,6,3.75,0.9500000000000002,2_성적 0.5이상 상승
ID03405,88.8,1.9,4.0,7.0,8,4.0,0.0,1_상위권 유지(Top 15%)
ID03407,91.8,7.8,3.11,5.1,12,3.66,0.5500000000000003,2_성적 0.5이상 상승
ID03409,98.9,6.8,2.86,7.4,9,3.55,0.69,2_성적 0.5이상 상승
ID03412,97.8,4.9,3.73,9.1,9,4.0,0.27,1_상위권 유지(Top 15%)
ID03417,65.9,12.0,3.93,7.5,6,4.0,0.06999999999999984,1_상위권 유지(Top 15%)
ID03418,95.7,2.7,4.0,7.9,8,4.0,0.0,1_상위권 유지(Top 15%)
ID03423,62.4,4.5,4.0,4.5,10,3.93,-0.06999999999999984,1_상위권 유지(Top 15%)
ID03424,87.2,2.1,3.99,5.7,11,4.0,0.009999999999999787,1_상위권 유지(Top 15%)
ID03439,100.0,5.6,3.9,6.4,9,4.0,0.10000000000000009,1_상위권 유지(Top 15%)
ID03442,96.5,7.4,2.46,6.6,7,3.11,0.6499999999999999,2_성적 0.5이상 상승
ID03451,100.0,8.2,3.2,4.9,8,3.8,0.5999999999999996,2_성적 0.5이상 상승
ID03455,79.8,0.3,3.2,8.5,17,2.5,-0.7000000000000002,3_성적 0.5이하 하락
ID03459,88.4,4.1,3.7,10.0,7,3.99,0.29000000000000004,1_상위권 유지(Top 15%)
ID03469,100.0,7.9,2.32,9.1,5,2.85,0.5300000000000002,2_성적 0.5이상 상승
ID03477,100.0,10.0,2.71,6.8,10,3.47,0.7600000000000002,2_성적 0.5이상 상승
ID03481,55.3,7.0,2.95,7.6,16,2.37,-0.5800000000000001,3_성적 0.5이하 하락
ID03486,48.5,3.3,2.2,4.0,7,1.67,-0.5300000000000002,3_성적 0.5이하 하락
ID03504,97.8,4.2,4.0,5.7,5,4.0,0.0,1_상위권 유지(Top 15%)
ID03505,88.1,3.7,3.87,4.9,9,4.0,0.1299999999999999,1_상위권 유지(Top 15%)
ID03512,82.0,6.2,3.99,7.3,8,4.0,0.009999999999999787,1_상위권 유지(Top 15%)
ID03514,93.5,1.9,4.0,10.0,4,4.0,0.0,1_상위권 유지(Top 15%)
ID03517,76.7,9.9,3.79,4.9,12,3.92,0.1299999999999999,1_상위권 유지(Top 15%)
ID03524,59.7,1.5,2.85,6.1,17,2.35,-0.5,3_성적 0.5이하 하락
ID03533,72.3,6.3,3.93,6.5,10,4.0,0.06999999999999984,1_상위권 유지(Top 15%)
ID03556,82.5,4.9,3.72,4.8,7,4.0,0.2799999999999998,1_상위권 유지(Top 15%)
ID03558,77.5,3.4,4.0,6.9,11,4.0,0.0,1_상위권 유지(Top 15%)
ID03561,82.0,7.1,4.0,7.6,8,4.0,0.0,1_상위권 유지(Top 15%)
ID03567,72.5,5.7,4.0,6.4,6,4.0,0.0,1_상위권 유지(Top 15%)
ID03577,100.0,5.0,3.95,7.3,13,4.0,0.04999999999999982,1_상위권 유지(Top 15%)
ID03579,70.7,2.9,4.0,7.6,6,4.0,0.0,1_상위권 유지(Top 15%)
ID03580,61.9,7.0,3.7,7.7,10,3.9,0.19999999999999973,1_상위권 유지(Top 15%)
ID03586,86.3,7.7,3.48,7.6,7,4.0,0.52,2_성적 0.5이상 상승
ID03595,89.6,5.5,4.0,6.2,9,4.0,0.0,1_상위권 유지(Top 15%)
ID03598,95.1,4.7,4.0,8.3,9,4.0,0.0,1_상위권 유지(Top 15%)
ID03599,89.4,6.8,3.5,5.7,11,4.0,0.5,2_성적 0.5이상 상승
ID03608,83.3,11.9,3.24,6.9,8,4.0,0.7599999999999998,2_성적 0.5이상 상승
ID03610,100.0,2.1,4.0,9.3,8,4.0,0.0,1_상위권 유지(Top 15%)
ID03612,77.1,3.6,4.0,5.3,6,4.0,0.0,1_상위권 유지(Top 15%)
ID03616,80.4,4.2,3.91,6.6,2,4.0,0.08999999999999986,1_상위권 유지(Top 15%)
ID03618,84.3,1.2,3.84,7.8,7,3.88,0.040000000000000036,1_상위권 유지(Top 15%)
ID03625,80.6,2.3,4.0,6.0,5,4.0,0.0,1_상위권 유지(Top 15%)
ID03627,100.0,12.9,3.17,4.8,3,3.71,0.54,2_성적 0.5이상 상승
ID03633,90.3,9.7,2.51,9.4,8,3.14,0.6300000000000003,2_성적 0.5이상 상승
ID03638,58.3,1.6,3.24,5.7,7,2.73,-0.5100000000000002,3_성적 0.5이하 하락
ID03642,100.0,4.0,3.4,6.0,8,3.92,0.52,2_성적 0.5이상 상승
ID03650,86.9,4.6,4.0,6.3,11,4.0,0.0,1_상위권 유지(Top 15%)
ID03665,84.9,0.7,3.73,6.5,10,4.0,0.27,1_상위권 유지(Top 15%)
ID03670,86.8,8.0,2.53,7.4,7,3.27,0.7400000000000002,2_성적 0.5이상 상승
ID03674,84.1,0.8,4.0,6.7,6,4.0,0.0,1_상위권 유지(Top 15%)
ID03683,73.4,6.3,3.66,4.0,13,3.9,0.23999999999999977,1_상위권 유지(Top 15%)
ID03684,94.8,0.6,3.61,7.1,12,3.89,0.28000000000000025,1_상위권 유지(Top 15%)
ID03686,100.0,7.5,2.47,9.2,5,2.97,0.5,2_성적 0.5이상 상승
ID03693,74.5,1.2,2.1,9.8,16,1.43,-0.6700000000000002,3_성적 0.5이하 하락
ID03702,81.0,12.9,3.09,8.7,7,3.74,0.6500000000000004,2_성적 0.5이상 상승
ID03708,100.0,11.6,2.83,7.5,5,3.37,0.54,2_성적 0.5이상 상승
ID03722,83.7,5.6,3.18,6.6,14,3.72,0.54,2_성적 0.5이상 상승
ID03730,89.0,9.1,2.64,6.3,8,3.4,0.7599999999999998,2_성적 0.5이상 상승
ID03731,89.8,6.2,4.0,6.6,10,4.0,0.0,1_상위권 유지(Top 15%)
ID03739,90.2,5.4,3.89,8.7,12,4.0,0.10999999999999988,1_상위권 유지(Top 15%)
ID03742,100.0,7.5,3.15,4.3,10,3.73,0.5800000000000001,2_성적 0.5이상 상승
ID03745,100.0,3.1,4.0,4.8,5,4.0,0.0,1_상위권 유지(Top 15%)
ID03752,100.0,4.0,3.75,6.1,8,4.0,0.25,1_상위권 유지(Top 15%)
ID03755,85.3,10.8,2.82,6.4,12,3.44,0.6200000000000001,2_성적 0.5이상 상승
ID03757,96.8,5.1,2.7,7.8,7,3.29,0.5899999999999999,2_성적 0.5이상 상승
ID03763,97.9,9.7,3.96,4.7,5,4.0,0.040000000000000036,1_상위권 유지(Top 15%)
ID03765,89.4,6.8,3.04,8.3,7,3.54,0.5,2_성적 0.5이상 상승
ID03768,89.7,4.8,2.73,6.2,7,3.28,0.5499999999999998,2_성적 0.5이상 상승
ID03769,88.3,5.4,2.45,10.0,8,2.96,0.5099999999999998,2_성적 0.5이상 상승
ID03772,100.0,4.2,4.0,5.9,7,4.0,0.0,1_상위권 유지(Top 15%)
ID03775,100.0,11.7,3.87,5.0,9,4.0,0.1299999999999999,1_상위권 유지(Top 15%)
ID03779,77.7,7.2,3.97,7.9,7,4.0,0.029999999999999805,1_상위권 유지(Top 15%)
ID03780,84.6,10.7,3.06,9.2,7,3.57,0.5099999999999998,2_성적 0.5이상 상승
ID03787,88.3,8.1,1.6,5.6,6,2.21,0.6099999999999999,2_성적 0.5이상 상승
ID03797,93.2,8.0,1.93,6.4,10,2.48,0.55,2_성적 0.5이상 상승
ID03798,79.6,8.0,3.72,6.9,9,4.0,0.2799999999999998,1_상위권 유지(Top 15%)
ID03800,82.0,4.8,3.98,8.0,7,4.0,0.020000000000000018,1_상위권 유지(Top 15%)
ID03805,100.0,5.5,3.16,7.1,13,3.66,0.5,2_성적 0.5이상 상승
ID03811,100.0,7.0,3.76,6.9,4,4.0,0.2400000000000002,1_상위권 유지(Top 15%)
ID03812,90.7,11.4,3.77,6.5,8,4.0,0.22999999999999998,1_상위권 유지(Top 15%)
ID03813,87.4,8.0,3.7,6.2,9,4.0,0.2999999999999998,1_상위권 유지(Top 15%)
ID03815,100.0,11.3,3.06,5.3,10,3.58,0.52,2_성적 0.5이상 상승
ID03816,94.8,6.6,3.05,5.1,9,3.56,0.5100000000000002,2_성적 0.5이상 상승
ID03818,94.2,1.1,3.97,6.5,4,4.0,0.029999999999999805,1_상위권 유지(Top 15%)
ID03827,92.5,3.7,3.63,6.7,10,3.88,0.25,1_상위권 유지(Top 15%)
ID03839,92.2,8.5,2.64,9.1,7,3.17,0.5299999999999998,2_성적 0.5이상 상승
ID03840,87.3,3.0,3.82,8.5,7,3.88,0.06000000000000005,1_상위권 유지(Top 15%)
ID03845,48.1,1.6,3.59,8.6,8,3.06,-0.5299999999999998,3_성적 0.5이하 하락
ID03846,82.9,6.0,2.75,6.4,9,3.27,0.52,2_성적 0.5이상 상승
ID03850,86.9,9.2,3.33,6.4,7,3.96,0.6299999999999999,2_성적 0.5이상 상승
ID03852,85.5,4.4,2.68,7.0,8,3.19,0.5099999999999998,2_성적 0.5이상 상승
ID03854,100.0,0.4,4.0,7.3,6,4.0,0.0,1_상위권 유지(Top 15%)
ID03857,64.2,4.3,3.98,4.7,3,4.0,0.020000000000000018,1_상위권 유지(Top 15%)
ID03859,82.2,7.6,2.95,6.1,8,3.49,0.54,2_성적 0.5이상 상승
ID03873,87.4,6.3,3.38,7.6,9,3.9,0.52,2_성적 0.5이상 상승
ID03880,81.8,6.2,3.73,8.7,10,4.0,0.27,1_상위권 유지(Top 15%)
ID03881,70.6,8.6,3.64,4.0,7,3.91,0.27,1_상위권 유지(Top 15%)
ID03884,99.9,3.9,3.7,7.4,9,4.0,0.2999999999999998,1_상위권 유지(Top 15%)
ID03885,97.2,4.2,3.02,7.7,4,3.56,0.54,2_성적 0.5이상 상승
ID03895,73.5,5.4,4.0,9.0,6,4.0,0.0,1_상위권 유지(Top 15%)
ID03900,100.0,8.8,3.37,7.6,7,4.0,0.6299999999999999,2_성적 0.5이상 상승
ID03909,63.5,5.3,3.65,7.9,6,3.94,0.29000000000000004,1_상위권 유지(Top 15%)
ID03918,81.0,6.5,2.58,4.5,4,3.1,0.52,2_성적 0.5이상 상승
ID03920,100.0,8.2,3.87,7.1,9,4.0,0.1299999999999999,1_상위권 유지(Top 15%)
ID03927,81.3,8.3,2.88,5.8,13,3.53,0.6499999999999999,2_성적 0.5이상 상승
ID03929,100.0,10.7,3.32,7.1,9,4.0,0.6800000000000002,2_성적 0.5이상 상승
ID03930,94.7,4.0,3.67,8.0,15,3.9,0.22999999999999998,1_상위권 유지(Top 15%)
ID03938,83.7,6.1,2.4,7.5,9,3.05,0.6499999999999999,2_성적 0.5이상 상승
ID03939,100.0,3.7,4.0,4.0,11,4.0,0.0,1_상위권 유지(Top 15%)
ID03948,99.6,3.6,3.19,7.7,6,3.71,0.52,2_성적 0.5이상 상승
ID03955,70.6,3.0,4.0,5.9,11,3.96,-0.040000000000000036,1_상위권 유지(Top 15%)
ID03956,75.5,4.5,4.0,5.0,6,3.91,-0.08999999999999986,1_상위권 유지(Top 15%)
ID03957,51.1,0.6,3.44,8.2,12,2.9,-0.54,3_성적 0.5이하 하락
ID03965,81.8,6.5,3.18,6.1,12,3.84,0.6599999999999997,2_성적 0.5이상 상승
ID03968,88.3,4.8,3.75,7.7,10,4.0,0.25,1_상위권 유지(Top 15%)
ID03969,100.0,6.3,3.14,5.5,8,3.65,0.5099999999999998,2_성적 0.5이상 상승
ID03987,91.9,10.3,3.17,6.1,10,3.78,0.6099999999999999,2_성적 0.5이상 상승
ID03994,68.8,13.4,3.73,6.4,8,4.0,0.27,1_상위권 유지(Top 15%)
ID03996,76.0,7.8,4.0,7.5,11,4.0,0.0,1_상위권 유지(Top 15%)
ID03997,90.9,9.0,3.45,9.8,10,4.0,0.5499999999999998,2_성적 0.5이상 상승
ID04003,100.0,8.4,3.43,6.9,11,4.0,0.5699999999999998,2_성적 0.5이상 상승
ID04009,100.0,2.5,3.84,5.9,9,3.87,0.03000000000000025,1_상위권 유지(Top 15%)
ID04015,95.8,7.3,2.54,7.9,12,3.18,0.6400000000000001,2_성적 0.5이상 상승
ID04017,85.2,5.7,4.0,8.5,11,4.0,0.0,1_상위권 유지(Top 15%)
ID04018,64.0,13.5,2.97,6.2,15,3.66,0.69,2_성적 0.5이상 상승
ID04035,51.8,4.2,2.88,8.3,3,2.34,-0.54,3_성적 0.5이하 하락
ID04036,97.3,1.0,3.71,6.4,10,3.87,0.16000000000000014,1_상위권 유지(Top 15%)
ID04037,97.4,9.1,4.0,4.5,10,4.0,0.0,1_상위권 유지(Top 15%)
ID04045,90.5,10.2,3.76,6.5,11,4.0,0.2400000000000002,1_상위권 유지(Top 15%)
ID04048,75.4,7.7,4.0,7.2,9,4.0,0.0,1_상위권 유지(Top 15%)
ID04055,84.4,7.8,3.4,7.2,9,4.0,0.6000000000000001,2_성적 0.5이상 상승
ID04058,96.8,9.6,4.0,6.8,8,4.0,0.0,1_상위권 유지(Top 15%)
ID04061,100.0,8.6,2.48,8.3,6,2.99,0.5100000000000002,2_성적 0.5이상 상승
ID04062,92.6,7.6,3.97,7.0,9,4.0,0.029999999999999805,1_상위권 유지(Top 15%)
ID04065,84.0,10.8,2.37,5.3,7,2.93,0.56,2_성적 0.5이상 상승
ID04069,87.5,3.1,4.0,6.0,5,4.0,0.0,1_상위권 유지(Top 15%)
ID04080,91.1,2.0,4.0,5.5,11,4.0,0.0,1_상위권 유지(Top 15%)
ID04083,91.7,2.9,3.85,6.4,5,4.0,0.1499999999999999,1_상위권 유지(Top 15%)
ID04084,84.4,4.2,4.0,7.1,8,4.0,0.0,1_상위권 유지(Top 15%)
ID04086,90.6,5.6,2.99,6.3,10,3.59,0.5999999999999996,2_성적 0.5이상 상승
ID04093,100.0,10.8,3.35,9.7,10,3.99,0.6400000000000001,2_성적 0.5이상 상승
ID04096,95.8,5.2,2.47,6.0,13,3.04,0.5699999999999998,2_성적 0.5이상 상승
ID04102,100.0,6.2,2.8,8.0,9,3.39,0.5900000000000003,2_성적 0.5이상 상승
ID04108,88.5,4.2,3.1,8.0,6,3.6,0.5,2_성적 0.5이상 상승
ID04134,96.9,4.4,3.78,8.2,5,4.0,0.2200000000000002,1_상위권 유지(Top 15%)
ID04140,83.9,3.3,3.81,7.1,8,4.0,0.18999999999999995,1_상위권 유지(Top 15%)
ID04146,63.1,3.7,3.88,7.1,6,4.0,0.1200000000000001,1_상위권 유지(Top 15%)
ID04161,60.8,12.1,3.7,6.5,9,4.0,0.2999999999999998,1_상위권 유지(Top 15%)
ID04163,82.8,3.6,2.8,6.0,6,3.32,0.52,2_성적 0.5이상 상승
ID04169,100.0,4.5,3.92,6.8,7,4.0,0.08000000000000007,1_상위권 유지(Top 15%)
ID04179,82.6,7.0,2.37,6.7,9,2.98,0.6099999999999999,2_성적 0.5이상 상승
ID04181,82.3,1.9,3.61,6.0,8,3.87,0.26000000000000023,1_상위권 유지(Top 15%)
ID04182,100.0,7.0,4.0,6.0,4,4.0,0.0,1_상위권 유지(Top 15%)
ID04184,100.0,9.5,3.04,6.9,10,3.57,0.5299999999999998,2_성적 0.5이상 상승
ID04186,84.5,4.3,3.85,6.7,6,4.0,0.1499999999999999,1_상위권 유지(Top 15%)
ID04189,92.7,6.3,2.69,7.9,4,3.2,0.5100000000000002,2_성적 0.5이상 상승
ID04193,100.0,6.7,2.84,8.2,11,3.34,0.5,2_성적 0.5이상 상승
ID04199,71.6,4.1,4.0,8.2,8,4.0,0.0,1_상위권 유지(Top 15%)
ID04229,89.2,5.9,4.0,7.0,8,4.0,0.0,1_상위권 유지(Top 15%)
ID04245,100.0,1.8,3.98,6.8,8,4.0,0.020000000000000018,1_상위권 유지(Top 15%)
ID04248,100.0,7.1,3.25,7.6,8,3.9,0.6499999999999999,2_성적 0.5이상 상승
ID04254,94.6,3.8,3.75,5.5,8,3.88,0.1299999999999999,1_상위권 유지(Top 15%)
ID04255,100.0,6.4,2.83,8.0,9,3.46,0.6299999999999999,2_성적 0.5이상 상승
ID04271,98.1,5.3,2.99,5.8,7,3.49,0.5,2_성적 0.5이상 상승
ID04273,100.0,6.9,3.48,7.0,8,4.0,0.52,2_성적 0.5이상 상승
ID04275,100.0,7.1,3.47,7.0,10,3.97,0.5,2_성적 0.5이상 상승
ID04292,85.0,4.3,4.0,7.9,3,4.0,0.0,1_상위권 유지(Top 15%)
ID04298,82.8,5.5,2.7,8.0,11,3.25,0.5499999999999998,2_성적 0.5이상 상승
ID04302,85.2,9.8,2.97,7.1,10,3.77,0.7999999999999998,2_성적 0.5이상 상승
ID04305,90.2,5.3,2.69,7.9,3,3.2,0.5100000000000002,2_성적 0.5이상 상승
ID04309,96.9,7.3,3.11,6.8,7,3.71,0.6000000000000001,2_성적 0.5이상 상승
ID04315,66.0,1.6,3.94,6.8,14,3.96,0.020000000000000018,1_상위권 유지(Top 15%)
ID04319,83.8,8.2,3.7,6.9,7,4.0,0.2999999999999998,1_상위권 유지(Top 15%)
ID04330,100.0,1.7,3.92,5.9,4,4.0,0.08000000000000007,1_상위권 유지(Top 15%)
ID04339,88.7,5.3,3.26,6.1,9,3.81,0.5500000000000003,2_성적 0.5이상 상승
ID04342,87.4,5.5,2.31,7.6,9,2.83,0.52,2_성적 0.5이상 상승
ID04363,96.2,7.5,2.7,7.5,9,3.33,0.6299999999999999,2_성적 0.5이상 상승
ID04365,100.0,6.9,2.58,7.9,5,3.09,0.5099999999999998,2_성적 0.5이상 상승
ID04367,87.1,3.8,3.86,7.2,9,4.0,0.14000000000000012,1_상위권 유지(Top 15%)
ID04368,100.0,5.3,4.0,6.5,4,4.0,0.0,1_상위권 유지(Top 15%)
ID04369,98.7,6.2,2.8,7.0,7,3.42,0.6200000000000001,2_성적 0.5이상 상승
ID04370,85.6,2.0,3.63,8.1,5,3.92,0.29000000000000004,1_상위권 유지(Top 15%)
ID04371,87.0,10.4,3.28,5.9,9,3.85,0.5700000000000003,2_성적 0.5이상 상승
ID04374,92.8,5.4,3.88,9.6,7,4.0,0.1200000000000001,1_상위권 유지(Top 15%)
ID04376,100.0,2.6,4.0,7.5,10,4.0,0.0,1_상위권 유지(Top 15%)
ID04378,64.2,8.2,3.89,9.2,10,3.98,0.08999999999999986,1_상위권 유지(Top 15%)
ID04381,98.5,3.7,3.8,6.7,9,4.0,0.20000000000000018,1_상위권 유지(Top 15%)
ID04382,82.5,5.2,3.79,7.0,11,4.0,0.20999999999999996,1_상위권 유지(Top 15%)
ID04392,100.0,2.9,3.8,6.3,10,4.0,0.20000000000000018,1_상위권 유지(Top 15%)
ID04393,100.0,7.0,3.19,6.5,11,3.75,0.56,2_성적 0.5이상 상승
ID04410,86.5,6.5,2.52,8.2,6,3.04,0.52,2_성적 0.5이상 상승
ID04416,90.7,10.3,3.19,6.8,9,3.77,0.5800000000000001,2_성적 0.5이상 상승
ID04421,80.2,12.7,3.79,7.9,10,4.0,0.20999999999999996,1_상위권 유지(Top 15%)
ID04425,81.4,5.9,2.82,7.4,7,3.43,0.6100000000000003,2_성적 0.5이상 상승
ID04436,81.4,10.1,3.7,6.3,9,4.0,0.2999999999999998,1_상위권 유지(Top 15%)
ID04440,86.2,12.9,2.73,5.7,11,3.25,0.52,2_성적 0.5이상 상승
ID04441,86.8,0.5,4.0,5.6,11,4.0,0.0,1_상위권 유지(Top 15%)
ID04448,91.0,9.5,4.0,6.5,9,4.0,0.0,1_상위권 유지(Top 15%)
ID04449,100.0,6.7,2.94,4.0,7,3.48,0.54,2_성적 0.5이상 상승
ID04459,87.4,9.3,3.5,6.0,6,4.0,0.5,2_성적 0.5이상 상승
ID04462,97.4,8.3,2.93,8.0,7,3.49,0.56,2_성적 0.5이상 상승
ID04470,98.6,5.9,2.95,6.2,9,3.49,0.54,2_성적 0.5이상 상승
ID04471,94.7,2.4,3.83,7.0,9,3.98,0.1499999999999999,1_상위권 유지(Top 15%)
ID04473,95.2,8.3,2.77,6.9,3,3.42,0.6499999999999999,2_성적 0.5이상 상승
ID04484,100.0,3.9,3.75,6.6,9,4.0,0.25,1_상위권 유지(Top 15%)
ID04488,91.5,7.3,2.72,7.0,10,3.36,0.6399999999999997,2_성적 0.5이상 상승
ID04505,84.8,10.7,2.99,6.4,11,3.66,0.6699999999999999,2_성적 0.5이상 상승
ID04514,83.0,3.7,3.31,7.2,12,3.83,0.52,2_성적 0.5이상 상승
ID04529,81.6,1.5,4.0,6.2,8,4.0,0.0,1_상위권 유지(Top 15%)
ID04531,88.3,5.1,3.45,6.0,7,4.0,0.5499999999999998,2_성적 0.5이상 상승
ID04536,77.7,6.3,4.0,9.2,13,4.0,0.0,1_상위권 유지(Top 15%)
ID04548,75.5,6.6,3.96,6.1,7,4.0,0.040000000000000036,1_상위권 유지(Top 15%)
ID04550,87.5,2.1,4.0,5.1,5,4.0,0.0,1_상위권 유지(Top 15%)
ID04553,90.4,4.6,3.32,6.0,9,3.82,0.5,2_성적 0.5이상 상승
ID04554,81.6,9.5,2.09,5.9,10,2.79,0.7000000000000002,2_성적 0.5이상 상승
ID04555,89.2,3.3,3.61,9.5,7,3.87,0.26000000000000023,1_상위권 유지(Top 15%)
ID04556,74.1,6.7,4.0,6.0,9,4.0,0.0,1_상위권 유지(Top 15%)
ID04561,84.2,4.0,4.0,8.0,4,4.0,0.0,1_상위권 유지(Top 15%)
ID04563,71.7,9.4,4.0,5.5,8,4.0,0.0,1_상위권 유지(Top 15%)
ID04564,86.6,9.4,3.19,6.0,9,3.87,0.6800000000000002,2_성적 0.5이상 상승
ID04567,100.0,2.7,3.71,6.9,9,4.0,0.29000000000000004,1_상위권 유지(Top 15%)
ID04571,93.5,7.8,2.96,6.8,7,3.68,0.7200000000000002,2_성적 0.5이상 상승
ID04584,98.6,5.8,2.98,7.2,11,3.51,0.5299999999999998,2_성적 0.5이상 상승
ID04585,70.0,2.6,4.0,4.9,4,3.94,-0.06000000000000005,1_상위권 유지(Top 15%)
ID04586,69.1,5.3,4.0,5.4,11,4.0,0.0,1_상위권 유지(Top 15%)
ID04589,75.1,1.7,4.0,6.3,5,4.0,0.0,1_상위권 유지(Top 15%)
ID04592,91.1,8.7,3.11,8.7,9,3.62,0.5100000000000002,2_성적 0.5이상 상승
ID04597,99.0,6.6,3.82,6.4,9,4.0,0.18000000000000016,1_상위권 유지(Top 15%)
ID04600,84.1,7.5,1.99,8.0,10,2.55,0.5599999999999998,2_성적 0.5이상 상승
ID04603,100.0,6.9,2.75,4.0,9,3.27,0.52,2_성적 0.5이상 상승
ID04604,100.0,4.1,3.83,8.0,8,4.0,0.16999999999999993,1_상위권 유지(Top 15%)
ID04607,87.2,4.0,2.91,6.6,5,3.44,0.5299999999999998,2_성적 0.5이상 상승
ID04616,85.4,1.9,4.0,9.5,10,3.98,-0.020000000000000018,1_상위권 유지(Top 15%)
ID04617,96.3,3.9,3.19,7.5,13,3.73,0.54,2_성적 0.5이상 상승
ID04628,91.8,6.5,3.41,6.8,9,4.0,0.5899999999999999,2_성적 0.5이상 상승
ID04629,96.3,3.5,3.74,7.1,10,4.0,0.2599999999999998,1_상위권 유지(Top 15%)
ID04632,100.0,14.0,3.3,5.8,7,3.85,0.5500000000000003,2_성적 0.5이상 상승
ID04637,90.2,4.6,3.96,7.3,5,4.0,0.040000000000000036,1_상위권 유지(Top 15%)
ID04638,88.0,6.2,2.09,7.9,3,2.63,0.54,2_성적 0.5이상 상승
ID04642,90.3,4.0,4.0,6.3,9,4.0,0.0,1_상위권 유지(Top 15%)
ID04644,97.0,3.5,4.0,6.5,13,4.0,0.0,1_상위권 유지(Top 15%)
ID04650,96.4,4.5,2.72,7.5,8,3.28,0.5599999999999996,2_성적 0.5이상 상승
ID04653,89.2,4.2,2.53,7.4,11,3.08,0.5500000000000003,2_성적 0.5이상 상승
ID04672,90.1,13.1,3.08,5.9,6,3.72,0.6400000000000001,2_성적 0.5이상 상승
ID04682,79.4,2.2,4.0,7.7,10,4.0,0.0,1_상위권 유지(Top 15%)
ID04690,98.1,9.1,3.1,8.3,12,3.76,0.6599999999999997,2_성적 0.5이상 상승
ID04691,100.0,5.7,3.22,7.6,8,3.8,0.5799999999999996,2_성적 0.5이상 상승
ID04699,38.8,10.9,3.83,7.3,6,4.0,0.16999999999999993,1_상위권 유지(Top 15%)
ID04704,100.0,9.6,2.7,6.4,11,3.35,0.6499999999999999,2_성적 0.5이상 상승
ID04706,100.0,5.3,3.63,7.5,7,3.92,0.29000000000000004,1_상위권 유지(Top 15%)
ID04709,96.9,9.6,2.83,5.9,12,3.5,0.6699999999999999,2_성적 0.5이상 상승
ID04710,87.5,7.8,3.94,7.3,6,4.0,0.06000000000000005,1_상위권 유지(Top 15%)
ID04715,58.4,1.5,2.39,8.3,4,1.77,-0.6200000000000001,3_성적 0.5이하 하락
ID04718,92.6,4.1,3.82,5.8,8,3.89,0.07000000000000028,1_상위권 유지(Top 15%)
ID04721,56.7,2.0,3.96,6.7,7,3.43,-0.5299999999999998,3_성적 0.5이하 하락
ID04724,75.1,5.9,3.95,7.1,11,4.0,0.04999999999999982,1_상위권 유지(Top 15%)
ID04725,94.0,4.4,2.92,7.4,10,3.49,0.5700000000000003,2_성적 0.5이상 상승
ID04728,53.7,1.0,2.74,6.3,4,2.19,-0.5500000000000003,3_성적 0.5이하 하락
ID04731,86.2,5.9,3.19,5.6,9,3.71,0.52,2_성적 0.5이상 상승
ID04739,85.8,6.5,2.54,7.0,5,3.14,0.6000000000000001,2_성적 0.5이상 상승
ID04743,95.8,5.3,3.04,5.6,10,3.54,0.5,2_성적 0.5이상 상승
ID04745,75.9,10.3,2.73,7.5,13,3.28,0.5499999999999998,2_성적 0.5이상 상승
ID04761,100.0,2.6,4.0,6.7,12,4.0,0.0,1_상위권 유지(Top 15%)
ID04775,90.4,3.8,3.35,7.6,11,3.89,0.54,2_성적 0.5이상 상승
ID04779,100.0,1.0,4.0,4.0,15,4.0,0.0,1_상위권 유지(Top 15%)
ID04781,94.0,5.8,4.0,8.6,9,4.0,0.0,1_상위권 유지(Top 15%)
ID04792,84.6,8.1,2.39,7.9,9,3.11,0.7199999999999998,2_성적 0.5이상 상승
ID04799,80.6,3.3,2.89,7.3,5,3.4,0.5099999999999998,2_성적 0.5이상 상승
ID04808,94.1,13.5,2.53,8.1,10,3.39,0.8600000000000003,2_성적 0.5이상 상승
ID04810,100.0,7.1,3.99,6.3,9,4.0,0.009999999999999787,1_상위권 유지(Top 15%)
ID04814,80.3,3.0,3.87,6.3,10,4.0,0.1299999999999999,1_상위권 유지(Top 15%)
ID04817,87.5,6.3,2.38,7.2,10,3.01,0.6299999999999999,2_성적 0.5이상 상승
ID04818,88.0,2.4,3.94,7.4,8,4.0,0.06000000000000005,1_상위권 유지(Top 15%)
ID04819,100.0,8.4,2.88,4.8,7,3.5,0.6200000000000001,2_성적 0.5이상 상승
ID04820,93.7,4.5,4.0,5.4,3,4.0,0.0,1_상위권 유지(Top 15%)
ID04821,100.0,3.8,3.96,4.5,3,4.0,0.040000000000000036,1_상위권 유지(Top 15%)
ID04823,91.9,8.3,2.74,7.9,6,3.36,0.6199999999999997,2_성적 0.5이상 상승
ID04826,100.0,8.2,2.9,7.7,9,3.54,0.6400000000000001,2_성적 0.5이상 상승
ID04827,85.5,8.5,2.27,6.9,8,2.98,0.71,2_성적 0.5이상 상승
ID04828,100.0,6.8,2.84,7.3,6,3.37,0.5300000000000002,2_성적 0.5이상 상승
ID04830,86.1,11.1,3.38,5.8,3,3.95,0.5700000000000003,2_성적 0.5이상 상승
ID04836,86.3,9.2,3.5,5.0,8,4.0,0.5,2_성적 0.5이상 상승
ID04840,90.5,6.6,3.93,7.6,9,4.0,0.06999999999999984,1_상위권 유지(Top 15%)
ID04845,98.6,5.1,3.02,7.3,6,3.54,0.52,2_성적 0.5이상 상승
ID04848,97.1,7.1,2.56,7.1,6,3.08,0.52,2_성적 0.5이상 상승
ID04853,72.2,2.1,3.99,6.9,7,3.94,-0.050000000000000266,1_상위권 유지(Top 15%)
ID04862,73.7,6.2,4.0,6.5,3,4.0,0.0,1_상위권 유지(Top 15%)
ID04868,94.4,0.3,3.92,4.0,10,3.9,-0.020000000000000018,1_상위권 유지(Top 15%)
ID04877,85.1,9.4,3.18,8.1,11,3.79,0.6099999999999999,2_성적 0.5이상 상승
ID04879,100.0,5.5,2.49,6.1,6,3.11,0.6199999999999997,2_성적 0.5이상 상승
ID04892,65.3,1.6,3.93,6.8,10,4.0,0.06999999999999984,1_상위권 유지(Top 15%)
ID04893,100.0,2.7,4.0,9.2,13,4.0,0.0,1_상위권 유지(Top 15%)
ID04894,97.3,6.2,3.33,8.0,12,3.9,0.5699999999999998,2_성적 0.5이상 상승
ID04912,86.4,6.2,2.9,6.2,5,3.54,0.6400000000000001,2_성적 0.5이상 상승
ID04915,100.0,8.1,3.7,7.6,7,4.0,0.2999999999999998,1_상위권 유지(Top 15%)
ID04917,95.8,4.3,3.35,7.0,5,3.86,0.5099999999999998,2_성적 0.5이상 상승
ID04918,83.5,2.8,3.89,8.5,7,4.0,0.10999999999999988,1_상위권 유지(Top 15%)
ID04923,85.6,6.1,2.45,7.5,9,3.09,0.6399999999999997,2_성적 0.5이상 상승
ID04929,89.5,1.6,3.8,8.3,10,4.0,0.20000000000000018,1_상위권 유지(Top 15%)
ID04931,82.9,1.8,4.0,6.5,10,4.0,0.0,1_상위권 유지(Top 15%)
ID04936,76.9,6.0,4.0,5.2,7,4.0,0.0,1_상위권 유지(Top 15%)
ID04938,87.6,7.5,3.86,4.0,7,4.0,0.14000000000000012,1_상위권 유지(Top 15%)
ID04942,84.2,9.3,3.73,6.0,10,4.0,0.27,1_상위권 유지(Top 15%)
ID04944,100.0,5.4,3.72,6.6,13,4.0,0.2799999999999998,1_상위권 유지(Top 15%)
ID04951,98.6,10.3,2.5,5.0,12,3.2,0.7000000000000002,2_성적 0.5이상 상승
ID04956,96.2,12.0,2.93,6.2,10,3.65,0.7199999999999998,2_성적 0.5이상 상승
ID04962,78.0,5.2,3.64,7.0,10,3.87,0.22999999999999998,1_상위권 유지(Top 15%)
ID04963,96.2,9.8,2.54,6.6,5,3.24,0.7000000000000002,2_성적 0.5이상 상승
ID04967,100.0,9.5,4.0,6.7,8,4.0,0.0,1_상위권 유지(Top 15%)
ID04970,85.8,9.4,3.01,8.8,3,3.55,0.54,2_성적 0.5이상 상승
ID04981,84.4,4.4,3.74,6.5,11,4.0,0.2599999999999998,1_상위권 유지(Top 15%)
ID04982,96.4,2.5,3.99,5.0,7,4.0,0.009999999999999787,1_상위권 유지(Top 15%)
ID04985,100.0,5.7,3.24,8.0,7,3.75,0.5099999999999998,2_성적 0.5이상 상승
ID04989,92.5,7.1,3.2,7.8,9,3.89,0.69,2_성적 0.5이상 상승
ID04990,89.1,7.9,2.64,5.3,12,3.18,0.54,2_성적 0.5이상 상승
ID04997,82.8,7.2,3.12,7.6,7,3.7,0.5800000000000001,2_성적 0.5이상 상승
ID05000,86.5,7.4,2.49,7.8,4,3.07,0.5799999999999996,2_성적 0.5이상 상승
